{"loss":{"0":0.2159980685,"1":0.0214054622,"2":0.0205550622,"3":0.0012659025,"4":0.0000771455,"5":0.0001249814,"6":0.00003559,"7":0.0000313625,"8":0.0000446321,"9":0.0000232666,"10":0.0000421912,"11":0.0000196507,"12":0.0000100666,"13":0.0000104571,"14":0.0000065421},"tp":{"0":880.0,"1":907.0,"2":925.0,"3":919.0,"4":919.0,"5":929.0,"6":918.0,"7":923.0,"8":920.0,"9":917.0,"10":925.0,"11":911.0,"12":929.0,"13":929.0,"14":908.0},"fp":{"0":44.0,"1":9.0,"2":6.0,"3":0.0,"4":0.0,"5":0.0,"6":0.0,"7":0.0,"8":0.0,"9":0.0,"10":0.0,"11":0.0,"12":0.0,"13":0.0,"14":0.0},"tn":{"0":887.0,"1":931.0,"2":921.0,"3":936.0,"4":937.0,"5":927.0,"6":938.0,"7":933.0,"8":936.0,"9":939.0,"10":931.0,"11":945.0,"12":927.0,"13":927.0,"14":948.0},"fn":{"0":45.0,"1":9.0,"2":4.0,"3":1.0,"4":0.0,"5":0.0,"6":0.0,"7":0.0,"8":0.0,"9":0.0,"10":0.0,"11":0.0,"12":0.0,"13":0.0,"14":0.0},"accuracy":{"0":0.9520474076,"1":0.9903017282,"2":0.9946120977,"3":0.9994612336,"4":1.0,"5":1.0,"6":1.0,"7":1.0,"8":1.0,"9":1.0,"10":1.0,"11":1.0,"12":1.0,"13":1.0,"14":1.0},"precision":{"0":0.9523809552,"1":0.9901746511,"2":0.9935553074,"3":1.0,"4":1.0,"5":1.0,"6":1.0,"7":1.0,"8":1.0,"9":1.0,"10":1.0,"11":1.0,"12":1.0,"13":1.0,"14":1.0},"recall":{"0":0.9513513446,"1":0.9901746511,"2":0.9956942797,"3":0.9989130497,"4":1.0,"5":1.0,"6":1.0,"7":1.0,"8":1.0,"9":1.0,"10":1.0,"11":1.0,"12":1.0,"13":1.0,"14":1.0},"auc":{"0":0.985026896,"1":0.9997699857,"2":0.9992864728,"3":1.0,"4":0.9999999404,"5":0.9999999404,"6":1.0,"7":1.0,"8":0.9999999404,"9":1.0,"10":1.0,"11":1.0,"12":1.0,"13":1.0,"14":1.0},"val_loss":{"0":3.0808513165,"1":7.9292621613,"2":6.6357707977,"3":3.1390216351,"4":0.1803938746,"5":0.0016212957,"6":0.0008028371,"7":0.0300817713,"8":0.0716986507,"9":0.0699183196,"10":0.0791192502,"11":0.0248977169,"12":0.0459546819,"13":0.0392677933,"14":0.0328678116},"val_tp":{"0":69.0,"1":71.0,"2":73.0,"3":73.0,"4":72.0,"5":73.0,"6":71.0,"7":72.0,"8":70.0,"9":66.0,"10":67.0,"11":69.0,"12":71.0,"13":70.0,"14":69.0},"val_fp":{"0":75.0,"1":73.0,"2":71.0,"3":57.0,"4":3.0,"5":0.0,"6":0.0,"7":0.0,"8":0.0,"9":0.0,"10":0.0,"11":0.0,"12":0.0,"13":0.0,"14":0.0},"val_tn":{"0":0.0,"1":0.0,"2":0.0,"3":14.0,"4":69.0,"5":71.0,"6":73.0,"7":71.0,"8":68.0,"9":72.0,"10":70.0,"11":74.0,"12":71.0,"13":72.0,"14":73.0},"val_fn":{"0":0.0,"1":0.0,"2":0.0,"3":0.0,"4":0.0,"5":0.0,"6":0.0,"7":1.0,"8":6.0,"9":6.0,"10":7.0,"11":1.0,"12":2.0,"13":2.0,"14":2.0},"val_accuracy":{"0":0.4791666567,"1":0.4930555522,"2":0.506944418,"3":0.6041666865,"4":0.9791666865,"5":1.0,"6":1.0,"7":0.993055582,"8":0.9583333135,"9":0.9583333135,"10":0.9513888955,"11":0.993055582,"12":0.9861111045,"13":0.9861111045,"14":0.9861111045},"val_precision":{"0":0.4791666567,"1":0.4930555522,"2":0.506944418,"3":0.5615384579,"4":0.9599999785,"5":1.0,"6":1.0,"7":1.0,"8":1.0,"9":1.0,"10":1.0,"11":1.0,"12":1.0,"13":1.0,"14":1.0},"val_recall":{"0":1.0,"1":1.0,"2":1.0,"3":1.0,"4":1.0,"5":1.0,"6":1.0,"7":0.9863013625,"8":0.9210526347,"9":0.9166666865,"10":0.9054054022,"11":0.9857142568,"12":0.972602725,"13":0.972222209,"14":0.9718309641},"val_auc":{"0":0.5,"1":0.5,"2":0.5,"3":0.7394366264,"4":0.9791666865,"5":1.0,"6":1.0,"7":1.0,"8":1.0,"9":1.0,"10":1.0,"11":1.0,"12":1.0,"13":1.0,"14":1.0}}