{"loss":{"0":0.6817007661,"1":0.01722233,"2":0.017683275,"3":0.0054691616,"4":0.0028177907,"5":0.0007868108,"6":0.0010343805,"7":0.0006098324,"8":0.0004306252,"9":0.0003247065,"10":0.0002070672,"11":0.000791977,"12":0.0002219612,"13":0.0001961172,"14":0.0022049744},"tp":{"0":856.0,"1":925.0,"2":916.0,"3":924.0,"4":933.0,"5":912.0,"6":930.0,"7":929.0,"8":913.0,"9":934.0,"10":914.0,"11":927.0,"12":913.0,"13":938.0,"14":922.0},"fp":{"0":79.0,"1":6.0,"2":8.0,"3":2.0,"4":0.0,"5":0.0,"6":0.0,"7":0.0,"8":0.0,"9":0.0,"10":0.0,"11":0.0,"12":0.0,"13":0.0,"14":1.0},"tn":{"0":851.0,"1":922.0,"2":929.0,"3":930.0,"4":922.0,"5":944.0,"6":926.0,"7":927.0,"8":943.0,"9":922.0,"10":942.0,"11":929.0,"12":943.0,"13":918.0,"14":932.0},"fn":{"0":70.0,"1":3.0,"2":3.0,"3":0.0,"4":1.0,"5":0.0,"6":0.0,"7":0.0,"8":0.0,"9":0.0,"10":0.0,"11":0.0,"12":0.0,"13":0.0,"14":1.0},"accuracy":{"0":0.9197198153,"1":0.9951508641,"2":0.9940732718,"3":0.9989224076,"4":0.9994612336,"5":1.0,"6":1.0,"7":1.0,"8":1.0,"9":1.0,"10":1.0,"11":1.0,"12":1.0,"13":1.0,"14":0.9989224076},"precision":{"0":0.9155080318,"1":0.9935553074,"2":0.9913420081,"3":0.9978401661,"4":1.0,"5":1.0,"6":1.0,"7":1.0,"8":1.0,"9":1.0,"10":1.0,"11":1.0,"12":1.0,"13":1.0,"14":0.9989165664},"recall":{"0":0.9244060516,"1":0.9967672229,"2":0.9967355728,"3":1.0,"4":0.9989293218,"5":1.0,"6":1.0,"7":1.0,"8":1.0,"9":1.0,"10":1.0,"11":1.0,"12":1.0,"13":1.0,"14":0.9989165664},"auc":{"0":0.9515577555,"1":0.9996272326,"2":0.9997944236,"3":0.9999784827,"4":0.9999976754,"5":0.9999999404,"6":1.0,"7":1.0,"8":1.0,"9":1.0,"10":0.9999999404,"11":0.9999999404,"12":1.0,"13":1.0,"14":0.9999976754},"val_loss":{"0":0.7656233311,"1":0.9731047153,"2":0.8759770989,"3":0.2447246164,"4":0.0233924091,"5":0.0016811645,"6":0.0059495056,"7":0.0005613858,"8":0.0004463294,"9":0.0003787668,"10":0.0003465215,"11":0.0006682535,"12":0.0003309658,"13":0.0003268561,"14":0.0040898272},"val_tp":{"0":70.0,"1":72.0,"2":70.0,"3":70.0,"4":71.0,"5":75.0,"6":72.0,"7":70.0,"8":71.0,"9":70.0,"10":74.0,"11":72.0,"12":75.0,"13":72.0,"14":73.0},"val_fp":{"0":74.0,"1":72.0,"2":74.0,"3":16.0,"4":3.0,"5":0.0,"6":0.0,"7":0.0,"8":0.0,"9":0.0,"10":0.0,"11":0.0,"12":0.0,"13":0.0,"14":0.0},"val_tn":{"0":0.0,"1":0.0,"2":0.0,"3":58.0,"4":70.0,"5":69.0,"6":72.0,"7":74.0,"8":73.0,"9":74.0,"10":70.0,"11":72.0,"12":69.0,"13":72.0,"14":71.0},"val_fn":{"0":0.0,"1":0.0,"2":0.0,"3":0.0,"4":0.0,"5":0.0,"6":0.0,"7":0.0,"8":0.0,"9":0.0,"10":0.0,"11":0.0,"12":0.0,"13":0.0,"14":0.0},"val_accuracy":{"0":0.4861111045,"1":0.5,"2":0.4861111045,"3":0.8888888955,"4":0.9791666865,"5":1.0,"6":1.0,"7":1.0,"8":1.0,"9":1.0,"10":1.0,"11":1.0,"12":1.0,"13":1.0,"14":1.0},"val_precision":{"0":0.4861111045,"1":0.5,"2":0.4861111045,"3":0.8139534593,"4":0.9594594836,"5":1.0,"6":1.0,"7":1.0,"8":1.0,"9":1.0,"10":1.0,"11":1.0,"12":1.0,"13":1.0,"14":1.0},"val_recall":{"0":1.0,"1":1.0,"2":1.0,"3":1.0,"4":1.0,"5":1.0,"6":1.0,"7":1.0,"8":1.0,"9":1.0,"10":1.0,"11":1.0,"12":1.0,"13":1.0,"14":1.0},"val_auc":{"0":0.7837837934,"1":0.717881918,"2":0.9694015384,"3":1.0,"4":1.0,"5":1.0,"6":1.0,"7":1.0,"8":1.0,"9":1.0,"10":1.0,"11":1.0,"12":1.0,"13":1.0,"14":1.0}}