{"loss":{"0":0.7136974931,"1":0.0896264687,"2":0.0709924251,"3":0.0382277817,"4":0.0225113872,"5":0.0358255655,"6":0.0148922643,"7":0.0099073332,"8":0.0103992457,"9":0.0244994313,"10":0.0290251803,"11":0.0039607612,"12":0.0005059573,"13":0.0001117269,"14":0.0000554254},"tp":{"0":751.0,"1":887.0,"2":894.0,"3":912.0,"4":912.0,"5":914.0,"6":924.0,"7":914.0,"8":920.0,"9":918.0,"10":920.0,"11":910.0,"12":922.0,"13":927.0,"14":902.0},"fp":{"0":184.0,"1":25.0,"2":26.0,"3":13.0,"4":7.0,"5":9.0,"6":5.0,"7":3.0,"8":2.0,"9":10.0,"10":5.0,"11":1.0,"12":0.0,"13":0.0,"14":0.0},"tn":{"0":744.0,"1":909.0,"2":909.0,"3":920.0,"4":928.0,"5":918.0,"6":922.0,"7":935.0,"8":932.0,"9":919.0,"10":922.0,"11":942.0,"12":934.0,"13":929.0,"14":954.0},"fn":{"0":177.0,"1":35.0,"2":27.0,"3":11.0,"4":9.0,"5":15.0,"6":5.0,"7":4.0,"8":2.0,"9":9.0,"10":9.0,"11":3.0,"12":0.0,"13":0.0,"14":0.0},"accuracy":{"0":0.8054956794,"1":0.9676724076,"2":0.9714439511,"3":0.9870689511,"4":0.9913793206,"5":0.9870689511,"6":0.9946120977,"7":0.9962284565,"8":0.9978448153,"9":0.9897629023,"10":0.992456913,"11":0.9978448153,"12":1.0,"13":1.0,"14":1.0},"precision":{"0":0.8032085299,"1":0.9725877047,"2":0.9717391133,"3":0.98594594,"4":0.9923830032,"5":0.9902492166,"6":0.9946178794,"7":0.9967284799,"8":0.9978308082,"9":0.9892241359,"10":0.994594574,"11":0.9989023209,"12":1.0,"13":1.0,"14":1.0},"recall":{"0":0.8092672229,"1":0.9620390534,"2":0.9706840515,"3":0.9880823493,"4":0.9902279973,"5":0.9838535786,"6":0.9946178794,"7":0.9956427217,"8":0.9978308082,"9":0.9902912378,"10":0.9903121591,"11":0.9967141151,"12":1.0,"13":1.0,"14":1.0},"auc":{"0":0.8719349504,"1":0.9943250418,"2":0.9969969392,"3":0.9986547828,"4":0.9997346997,"5":0.9987186193,"6":0.9998728633,"7":0.9999570847,"8":0.9994218349,"9":0.9996057749,"10":0.9984834194,"11":0.9999965429,"12":1.0,"13":1.0,"14":1.0},"val_loss":{"0":1.3101308346,"1":1.4015901089,"2":0.1538052857,"3":0.0650990829,"4":0.0528164096,"5":0.0572581701,"6":0.0570980161,"7":0.0258842353,"8":0.2297882438,"9":0.877735436,"10":0.0157443862,"11":0.0210142042,"12":0.0022057402,"13":0.0033623136,"14":0.0039816289},"val_tp":{"0":71.0,"1":73.0,"2":72.0,"3":68.0,"4":71.0,"5":69.0,"6":71.0,"7":67.0,"8":67.0,"9":46.0,"10":70.0,"11":72.0,"12":72.0,"13":71.0,"14":72.0},"val_fp":{"0":73.0,"1":71.0,"2":7.0,"3":0.0,"4":3.0,"5":0.0,"6":0.0,"7":0.0,"8":0.0,"9":0.0,"10":1.0,"11":0.0,"12":0.0,"13":0.0,"14":0.0},"val_tn":{"0":0.0,"1":0.0,"2":65.0,"3":73.0,"4":70.0,"5":71.0,"6":71.0,"7":75.0,"8":72.0,"9":74.0,"10":73.0,"11":71.0,"12":72.0,"13":73.0,"14":72.0},"val_fn":{"0":0.0,"1":0.0,"2":0.0,"3":3.0,"4":0.0,"5":4.0,"6":2.0,"7":2.0,"8":5.0,"9":24.0,"10":0.0,"11":1.0,"12":0.0,"13":0.0,"14":0.0},"val_accuracy":{"0":0.4930555522,"1":0.506944418,"2":0.9513888955,"3":0.9791666865,"4":0.9791666865,"5":0.972222209,"6":0.9861111045,"7":0.9861111045,"8":0.965277791,"9":0.8333333135,"10":0.993055582,"11":0.993055582,"12":1.0,"13":1.0,"14":1.0},"val_precision":{"0":0.4930555522,"1":0.506944418,"2":0.9113923907,"3":1.0,"4":0.9594594836,"5":1.0,"6":1.0,"7":1.0,"8":1.0,"9":1.0,"10":0.985915482,"11":1.0,"12":1.0,"13":1.0,"14":1.0},"val_recall":{"0":1.0,"1":1.0,"2":1.0,"3":0.9577465057,"4":1.0,"5":0.9452054501,"6":0.972602725,"7":0.9710144997,"8":0.930555582,"9":0.6571428776,"10":1.0,"11":0.9863013625,"12":1.0,"13":1.0,"14":1.0},"val_auc":{"0":0.6403627396,"1":0.9675863385,"2":0.9964313507,"3":0.9996141791,"4":0.9994211793,"5":0.9998070598,"6":0.9998070598,"7":1.0,"8":0.9861111045,"9":0.9357142448,"10":0.9999999404,"11":1.0,"12":1.0,"13":1.0,"14":1.0}}