{"loss":{"0":0.9369314909,"1":0.1340238154,"2":0.0695542768,"3":0.0259776078,"4":0.0176778026,"5":0.0146752121,"6":0.0008190173,"7":0.0003089526,"8":0.0002665845,"9":0.0002446425,"10":0.0004003504,"11":0.0082473522,"12":0.0156238684,"13":0.0041839508,"14":0.0001250964},"tp":{"0":685.0,"1":884.0,"2":901.0,"3":912.0,"4":917.0,"5":920.0,"6":921.0,"7":921.0,"8":923.0,"9":930.0,"10":913.0,"11":926.0,"12":917.0,"13":917.0,"14":924.0},"fp":{"0":239.0,"1":47.0,"2":19.0,"3":4.0,"4":6.0,"5":6.0,"6":0.0,"7":0.0,"8":0.0,"9":0.0,"10":0.0,"11":4.0,"12":5.0,"13":2.0,"14":0.0},"tn":{"0":697.0,"1":886.0,"2":913.0,"3":930.0,"4":926.0,"5":925.0,"6":935.0,"7":935.0,"8":933.0,"9":926.0,"10":943.0,"11":922.0,"12":928.0,"13":935.0,"14":932.0},"fn":{"0":235.0,"1":39.0,"2":23.0,"3":10.0,"4":7.0,"5":5.0,"6":0.0,"7":0.0,"8":0.0,"9":0.0,"10":0.0,"11":4.0,"12":6.0,"13":2.0,"14":0.0},"accuracy":{"0":0.7446120977,"1":0.9536637664,"2":0.9773706794,"3":0.992456913,"4":0.9929956794,"5":0.9940732718,"6":1.0,"7":1.0,"8":1.0,"9":1.0,"10":1.0,"11":0.9956896305,"12":0.9940732718,"13":0.9978448153,"14":1.0},"precision":{"0":0.7413420081,"1":0.949516654,"2":0.9793478251,"3":0.9956331849,"4":0.9934994578,"5":0.9935204983,"6":1.0,"7":1.0,"8":1.0,"9":1.0,"10":1.0,"11":0.9956989288,"12":0.9945769906,"13":0.9978237152,"14":1.0},"recall":{"0":0.7445651889,"1":0.9577465057,"2":0.9751082063,"3":0.9891540408,"4":0.9924242496,"5":0.994594574,"6":1.0,"7":1.0,"8":1.0,"9":1.0,"10":1.0,"11":0.9956989288,"12":0.9934994578,"13":0.9978237152,"14":1.0},"auc":{"0":0.7883750796,"1":0.9887657166,"2":0.9970203638,"3":0.999566853,"4":0.9998461604,"5":0.99984622,"6":1.0,"7":1.0,"8":1.0,"9":1.0,"10":1.0,"11":0.999969244,"12":0.9998559952,"13":0.9999908209,"14":0.9999999404},"val_loss":{"0":1.1671406031,"1":1.5209879875,"2":0.7604074478,"3":0.0967668146,"4":6.2422151566,"5":0.110079132,"6":0.0078012347,"7":0.002844735,"8":0.000907365,"9":0.0017821182,"10":0.0154109402,"11":0.0242694002,"12":8.4775066376,"13":0.3700787723,"14":0.0008044554},"val_tp":{"0":74.0,"1":72.0,"2":69.0,"3":68.0,"4":0.0,"5":71.0,"6":71.0,"7":75.0,"8":70.0,"9":71.0,"10":71.0,"11":69.0,"12":0.0,"13":74.0,"14":72.0},"val_fp":{"0":70.0,"1":72.0,"2":55.0,"3":1.0,"4":0.0,"5":0.0,"6":0.0,"7":0.0,"8":0.0,"9":0.0,"10":0.0,"11":1.0,"12":0.0,"13":17.0,"14":0.0},"val_tn":{"0":0.0,"1":0.0,"2":20.0,"3":73.0,"4":74.0,"5":68.0,"6":73.0,"7":69.0,"8":74.0,"9":73.0,"10":73.0,"11":73.0,"12":74.0,"13":53.0,"14":72.0},"val_fn":{"0":0.0,"1":0.0,"2":0.0,"3":2.0,"4":70.0,"5":5.0,"6":0.0,"7":0.0,"8":0.0,"9":0.0,"10":0.0,"11":1.0,"12":70.0,"13":0.0,"14":0.0},"val_accuracy":{"0":0.5138888955,"1":0.5,"2":0.618055582,"3":0.9791666865,"4":0.5138888955,"5":0.965277791,"6":1.0,"7":1.0,"8":1.0,"9":1.0,"10":1.0,"11":0.9861111045,"12":0.5138888955,"13":0.881944418,"14":1.0},"val_precision":{"0":0.5138888955,"1":0.5,"2":0.5564516187,"3":0.9855072498,"4":0.0,"5":1.0,"6":1.0,"7":1.0,"8":1.0,"9":1.0,"10":1.0,"11":0.9857142568,"12":0.0,"13":0.8131868243,"14":1.0},"val_recall":{"0":1.0,"1":1.0,"2":1.0,"3":0.9714285731,"4":0.0,"5":0.9342105389,"6":1.0,"7":1.0,"8":1.0,"9":1.0,"10":1.0,"11":0.9857142568,"12":0.0,"13":1.0,"14":1.0},"val_auc":{"0":0.4390926361,"1":0.571277082,"2":0.9562318921,"3":0.9938223958,"4":0.5071428418,"5":1.0,"6":1.0,"7":1.0,"8":1.0,"9":1.0,"10":1.0,"11":0.9996138811,"12":0.5,"13":0.9928572178,"14":1.0}}