{"loss":{"0":0.2396432161,"1":0.0177743565,"2":0.0127351768,"3":0.0049437392,"4":0.0153937209,"5":0.00193265,"6":0.0005094562,"7":0.0001834448,"8":0.0001031746,"9":0.0000455058,"10":0.0514378324,"11":0.0888486952,"12":0.0030365435,"13":0.0197325926,"14":0.0079852901},"tp":{"0":884.0,"1":922.0,"2":920.0,"3":928.0,"4":926.0,"5":915.0,"6":920.0,"7":921.0,"8":932.0,"9":926.0,"10":906.0,"11":909.0,"12":937.0,"13":902.0,"14":924.0},"fp":{"0":40.0,"1":6.0,"2":5.0,"3":3.0,"4":3.0,"5":1.0,"6":0.0,"7":0.0,"8":0.0,"9":0.0,"10":7.0,"11":12.0,"12":2.0,"13":3.0,"14":1.0},"tn":{"0":897.0,"1":924.0,"2":929.0,"3":924.0,"4":924.0,"5":940.0,"6":936.0,"7":935.0,"8":924.0,"9":930.0,"10":932.0,"11":922.0,"12":916.0,"13":949.0,"14":931.0},"fn":{"0":35.0,"1":4.0,"2":2.0,"3":1.0,"4":3.0,"5":0.0,"6":0.0,"7":0.0,"8":0.0,"9":0.0,"10":11.0,"11":13.0,"12":1.0,"13":2.0,"14":0.0},"accuracy":{"0":0.9595904946,"1":0.9946120977,"2":0.9962284565,"3":0.9978448153,"4":0.9967672229,"5":0.9994612336,"6":1.0,"7":1.0,"8":1.0,"9":1.0,"10":0.9903017282,"11":0.9865301847,"12":0.9983836412,"13":0.9973060489,"14":0.9994612336},"precision":{"0":0.956709981,"1":0.9935345054,"2":0.994594574,"3":0.9967776537,"4":0.9967707396,"5":0.9989082813,"6":1.0,"7":1.0,"8":1.0,"9":1.0,"10":0.9923329949,"11":0.9869706631,"12":0.9978700876,"13":0.9966850877,"14":0.998918891},"recall":{"0":0.9619151354,"1":0.9956803322,"2":0.9978308082,"3":0.9989235997,"4":0.9967707396,"5":1.0,"6":1.0,"7":1.0,"8":1.0,"9":1.0,"10":0.9880043864,"11":0.9859002233,"12":0.9989339113,"13":0.9977875948,"14":1.0},"auc":{"0":0.9826628566,"1":0.9987523556,"2":0.9993276596,"3":0.9999929667,"4":0.9988411665,"5":0.9999999404,"6":1.0,"7":1.0,"8":1.0,"9":1.0,"10":0.9973731041,"11":0.9957811832,"12":0.9999953508,"13":0.9983935952,"14":0.9994599819},"val_loss":{"0":1.0713906288,"1":1.0340770483,"2":0.94193542,"3":0.4664522707,"4":0.1530756056,"5":0.0560084395,"6":0.103736259,"7":0.0492170192,"8":0.0603041798,"9":0.0608582497,"10":43.3977394104,"11":0.2315404713,"12":0.1849854738,"13":0.1263051778,"14":0.1532384008},"val_tp":{"0":71.0,"1":75.0,"2":71.0,"3":72.0,"4":69.0,"5":75.0,"6":67.0,"7":69.0,"8":70.0,"9":66.0,"10":4.0,"11":71.0,"12":71.0,"13":75.0,"14":71.0},"val_fp":{"0":73.0,"1":69.0,"2":63.0,"3":27.0,"4":7.0,"5":3.0,"6":0.0,"7":0.0,"8":0.0,"9":0.0,"10":0.0,"11":2.0,"12":1.0,"13":0.0,"14":0.0},"val_tn":{"0":0.0,"1":0.0,"2":10.0,"3":45.0,"4":67.0,"5":65.0,"6":75.0,"7":74.0,"8":73.0,"9":77.0,"10":74.0,"11":70.0,"12":70.0,"13":68.0,"14":72.0},"val_fn":{"0":0.0,"1":0.0,"2":0.0,"3":0.0,"4":1.0,"5":1.0,"6":2.0,"7":1.0,"8":1.0,"9":1.0,"10":66.0,"11":1.0,"12":2.0,"13":1.0,"14":1.0},"val_accuracy":{"0":0.4930555522,"1":0.5208333135,"2":0.5625,"3":0.8125,"4":0.944444418,"5":0.972222209,"6":0.9861111045,"7":0.993055582,"8":0.993055582,"9":0.993055582,"10":0.5416666865,"11":0.9791666865,"12":0.9791666865,"13":0.993055582,"14":0.993055582},"val_precision":{"0":0.4930555522,"1":0.5208333135,"2":0.5298507214,"3":0.7272727489,"4":0.9078947306,"5":0.961538434,"6":1.0,"7":1.0,"8":1.0,"9":1.0,"10":1.0,"11":0.972602725,"12":0.9861111045,"13":1.0,"14":1.0},"val_recall":{"0":1.0,"1":1.0,"2":1.0,"3":1.0,"4":0.9857142568,"5":0.9868420959,"6":0.9710144997,"7":0.9857142568,"8":0.985915482,"9":0.9850746393,"10":0.0571428575,"11":0.9861111045,"12":0.972602725,"13":0.9868420959,"14":0.9861111045},"val_auc":{"0":0.9483889341,"1":0.869178772,"2":0.9822496772,"3":0.9924768806,"4":0.9887065291,"5":0.9992259741,"6":0.9853140116,"7":0.9928570986,"8":0.9929577112,"9":0.9925373197,"10":0.5285714269,"11":0.9783951044,"12":0.985240221,"13":0.9932274818,"14":0.993055582}}