{"loss":{"0":0.8315767646,"1":0.0124750454,"2":0.0093080578,"3":0.008880619,"4":0.0010533715,"5":0.0001939344,"6":0.0001463545,"7":0.000108344,"8":0.0000891483,"9":0.0000732299,"10":0.0000559095,"11":0.0000576315,"12":0.0000367866,"13":0.0000680003,"14":0.0307614841},"tp":{"0":832.0,"1":917.0,"2":912.0,"3":932.0,"4":919.0,"5":924.0,"6":922.0,"7":911.0,"8":923.0,"9":945.0,"10":909.0,"11":926.0,"12":918.0,"13":919.0,"14":928.0},"fp":{"0":95.0,"1":4.0,"2":2.0,"3":4.0,"4":0.0,"5":0.0,"6":0.0,"7":0.0,"8":0.0,"9":0.0,"10":0.0,"11":0.0,"12":0.0,"13":0.0,"14":5.0},"tn":{"0":841.0,"1":932.0,"2":937.0,"3":919.0,"4":937.0,"5":932.0,"6":934.0,"7":945.0,"8":933.0,"9":911.0,"10":947.0,"11":930.0,"12":938.0,"13":937.0,"14":917.0},"fn":{"0":88.0,"1":3.0,"2":5.0,"3":1.0,"4":0.0,"5":0.0,"6":0.0,"7":0.0,"8":0.0,"9":0.0,"10":0.0,"11":0.0,"12":0.0,"13":0.0,"14":6.0},"accuracy":{"0":0.9014008641,"1":0.9962284565,"2":0.9962284565,"3":0.9973060489,"4":1.0,"5":1.0,"6":1.0,"7":1.0,"8":1.0,"9":1.0,"10":1.0,"11":1.0,"12":1.0,"13":1.0,"14":0.9940732718},"precision":{"0":0.8975188732,"1":0.9956569076,"2":0.9978117943,"3":0.9957264662,"4":1.0,"5":1.0,"6":1.0,"7":1.0,"8":1.0,"9":1.0,"10":1.0,"11":1.0,"12":1.0,"13":1.0,"14":0.9946409464},"recall":{"0":0.904347837,"1":0.9967391491,"2":0.9945474267,"3":0.9989281893,"4":1.0,"5":1.0,"6":1.0,"7":1.0,"8":1.0,"9":1.0,"10":1.0,"11":1.0,"12":1.0,"13":1.0,"14":0.9935759902},"auc":{"0":0.9399775267,"1":0.9999240637,"2":0.9999558926,"3":0.999420464,"4":1.0,"5":0.9999999404,"6":1.0,"7":1.0,"8":1.0,"9":0.9999999404,"10":1.0,"11":1.0,"12":1.0,"13":1.0,"14":0.998142004},"val_loss":{"0":1.1013872623,"1":0.8637878895,"2":2.5251998901,"3":0.1182026565,"4":0.0190965123,"5":0.0143882204,"6":0.0256369952,"7":0.0513021201,"8":0.0290586911,"9":0.0272931792,"10":0.0404508263,"11":0.0287999641,"12":0.0284318235,"13":0.0257814322,"14":1.0903009176},"val_tp":{"0":71.0,"1":72.0,"2":72.0,"3":76.0,"4":70.0,"5":71.0,"6":72.0,"7":73.0,"8":72.0,"9":69.0,"10":73.0,"11":73.0,"12":71.0,"13":72.0,"14":50.0},"val_fp":{"0":73.0,"1":72.0,"2":72.0,"3":7.0,"4":1.0,"5":1.0,"6":1.0,"7":2.0,"8":1.0,"9":1.0,"10":2.0,"11":1.0,"12":1.0,"13":1.0,"14":0.0},"val_tn":{"0":0.0,"1":0.0,"2":0.0,"3":61.0,"4":73.0,"5":72.0,"6":70.0,"7":67.0,"8":70.0,"9":73.0,"10":68.0,"11":69.0,"12":71.0,"13":70.0,"14":75.0},"val_fn":{"0":0.0,"1":0.0,"2":0.0,"3":0.0,"4":0.0,"5":0.0,"6":1.0,"7":2.0,"8":1.0,"9":1.0,"10":1.0,"11":1.0,"12":1.0,"13":1.0,"14":19.0},"val_accuracy":{"0":0.4930555522,"1":0.5,"2":0.5,"3":0.9513888955,"4":0.993055582,"5":0.993055582,"6":0.9861111045,"7":0.972222209,"8":0.9861111045,"9":0.9861111045,"10":0.9791666865,"11":0.9861111045,"12":0.9861111045,"13":0.9861111045,"14":0.868055582},"val_precision":{"0":0.4930555522,"1":0.5,"2":0.5,"3":0.9156626463,"4":0.985915482,"5":0.9861111045,"6":0.9863013625,"7":0.9733333588,"8":0.9863013625,"9":0.9857142568,"10":0.9733333588,"11":0.9864864945,"12":0.9861111045,"13":0.9863013625,"14":1.0},"val_recall":{"0":1.0,"1":1.0,"2":1.0,"3":1.0,"4":1.0,"5":1.0,"6":0.9863013625,"7":0.9733333588,"8":0.9863013625,"9":0.9857142568,"10":0.9864864945,"11":0.9864864945,"12":0.9861111045,"13":0.9863013625,"14":0.7246376872},"val_auc":{"0":0.9117307067,"1":0.9798417687,"2":0.8402777314,"3":1.0,"4":0.9998069406,"5":1.0,"6":0.9998070598,"7":0.999227047,"8":0.9998070598,"9":0.9998069406,"10":0.9996138811,"11":0.9998069406,"12":0.9998071194,"13":0.9998070598,"14":0.9248309731}}