{"loss":{"0":0.5195193887,"1":0.0894543082,"2":0.0511385761,"3":0.039811451,"4":0.0239034705,"5":0.0166186206,"6":0.0393618383,"7":0.008162695,"8":0.0024990847,"9":0.0019845741,"10":0.0002202098,"11":0.0003286153,"12":0.0000597765,"13":0.0000298111,"14":0.0000751968},"tp":{"0":781.0,"1":888.0,"2":904.0,"3":907.0,"4":915.0,"5":916.0,"6":915.0,"7":918.0,"8":916.0,"9":918.0,"10":924.0,"11":923.0,"12":926.0,"13":902.0,"14":936.0},"fp":{"0":141.0,"1":25.0,"2":20.0,"3":13.0,"4":7.0,"5":3.0,"6":13.0,"7":2.0,"8":0.0,"9":1.0,"10":0.0,"11":0.0,"12":0.0,"13":0.0,"14":0.0},"tn":{"0":788.0,"1":910.0,"2":913.0,"3":922.0,"4":926.0,"5":931.0,"6":916.0,"7":934.0,"8":939.0,"9":937.0,"10":932.0,"11":933.0,"12":930.0,"13":954.0,"14":920.0},"fn":{"0":146.0,"1":33.0,"2":19.0,"3":14.0,"4":8.0,"5":6.0,"6":12.0,"7":2.0,"8":1.0,"9":0.0,"10":0.0,"11":0.0,"12":0.0,"13":0.0,"14":0.0},"accuracy":{"0":0.8453663588,"1":0.96875,"2":0.9789870977,"3":0.9854525924,"4":0.991918087,"5":0.9951508641,"6":0.9865301847,"7":0.9978448153,"8":0.9994612336,"9":0.9994612336,"10":1.0,"11":1.0,"12":1.0,"13":1.0,"14":1.0},"precision":{"0":0.847071588,"1":0.9726177454,"2":0.9783549905,"3":0.9858695865,"4":0.9924077988,"5":0.9967355728,"6":0.9859913588,"7":0.9978260994,"8":1.0,"9":0.9989118576,"10":1.0,"11":1.0,"12":1.0,"13":1.0,"14":1.0},"recall":{"0":0.8425027132,"1":0.964169383,"2":0.9794149399,"3":0.9847991467,"4":0.9913325906,"5":0.9934924245,"6":0.9870550036,"7":0.9978260994,"8":0.9989094734,"9":1.0,"10":1.0,"11":1.0,"12":1.0,"13":1.0,"14":1.0},"auc":{"0":0.9139643312,"1":0.9943922758,"2":0.9979749322,"3":0.9985571504,"4":0.9990878701,"5":0.9998368025,"6":0.9986298084,"7":0.9999594092,"8":1.0,"9":0.9999976158,"10":1.0,"11":1.0,"12":1.0,"13":1.0,"14":1.0},"val_loss":{"0":1.133623004,"1":1.5414605141,"2":0.5468819737,"3":0.0416718796,"4":0.0235660952,"5":0.0291701164,"6":0.1285796463,"7":0.017004773,"8":0.0219115112,"9":0.0343909375,"10":0.0180318076,"11":0.017865058,"12":0.0181529261,"13":0.0176508464,"14":0.0171074923},"val_tp":{"0":70.0,"1":71.0,"2":74.0,"3":70.0,"4":70.0,"5":70.0,"6":66.0,"7":71.0,"8":73.0,"9":72.0,"10":72.0,"11":73.0,"12":73.0,"13":73.0,"14":74.0},"val_fp":{"0":74.0,"1":73.0,"2":38.0,"3":1.0,"4":2.0,"5":1.0,"6":4.0,"7":1.0,"8":1.0,"9":2.0,"10":1.0,"11":1.0,"12":1.0,"13":1.0,"14":1.0},"val_tn":{"0":0.0,"1":0.0,"2":32.0,"3":73.0,"4":72.0,"5":73.0,"6":74.0,"7":72.0,"8":70.0,"9":70.0,"10":71.0,"11":70.0,"12":70.0,"13":70.0,"14":69.0},"val_fn":{"0":0.0,"1":0.0,"2":0.0,"3":0.0,"4":0.0,"5":0.0,"6":0.0,"7":0.0,"8":0.0,"9":0.0,"10":0.0,"11":0.0,"12":0.0,"13":0.0,"14":0.0},"val_accuracy":{"0":0.4861111045,"1":0.4930555522,"2":0.7361111045,"3":0.993055582,"4":0.9861111045,"5":0.993055582,"6":0.972222209,"7":0.993055582,"8":0.993055582,"9":0.9861111045,"10":0.993055582,"11":0.993055582,"12":0.993055582,"13":0.993055582,"14":0.993055582},"val_precision":{"0":0.4861111045,"1":0.4930555522,"2":0.6607142687,"3":0.985915482,"4":0.972222209,"5":0.985915482,"6":0.9428571463,"7":0.9861111045,"8":0.9864864945,"9":0.9729729891,"10":0.9863013625,"11":0.9864864945,"12":0.9864864945,"13":0.9864864945,"14":0.9866666794},"val_recall":{"0":1.0,"1":1.0,"2":1.0,"3":1.0,"4":1.0,"5":1.0,"6":1.0,"7":1.0,"8":1.0,"9":1.0,"10":1.0,"11":1.0,"12":1.0,"13":1.0,"14":1.0},"val_auc":{"0":0.5982625484,"1":0.8396680951,"2":0.9983590841,"3":0.9999035001,"4":0.9999999404,"5":0.9999998808,"6":0.9867910743,"7":1.0,"8":1.0000001192,"9":1.0,"10":1.0,"11":1.0,"12":1.0,"13":1.0,"14":1.0}}