{"loss":{"0":0.4252855778,"1":0.0070528877,"2":0.0360758454,"3":0.0155611057,"4":0.001757606,"5":0.0060338927,"6":0.0012410483,"7":0.0003047943,"8":0.0006203714,"9":0.012493222,"10":0.0020943959,"11":0.0004286437,"12":0.0001091715,"13":0.0001057928,"14":0.0001302563},"tp":{"0":834.0,"1":919.0,"2":916.0,"3":926.0,"4":912.0,"5":927.0,"6":918.0,"7":924.0,"8":936.0,"9":907.0,"10":925.0,"11":917.0,"12":923.0,"13":928.0,"14":923.0},"fp":{"0":71.0,"1":2.0,"2":7.0,"3":3.0,"4":0.0,"5":1.0,"6":0.0,"7":0.0,"8":0.0,"9":5.0,"10":1.0,"11":0.0,"12":0.0,"13":0.0,"14":0.0},"tn":{"0":865.0,"1":933.0,"2":925.0,"3":925.0,"4":943.0,"5":927.0,"6":938.0,"7":932.0,"8":920.0,"9":939.0,"10":929.0,"11":939.0,"12":933.0,"13":928.0,"14":933.0},"fn":{"0":86.0,"1":2.0,"2":8.0,"3":2.0,"4":1.0,"5":1.0,"6":0.0,"7":0.0,"8":0.0,"9":5.0,"10":1.0,"11":0.0,"12":0.0,"13":0.0,"14":0.0},"accuracy":{"0":0.9154095054,"1":0.9978448153,"2":0.991918087,"3":0.9973060489,"4":0.9994612336,"5":0.9989224076,"6":1.0,"7":1.0,"8":1.0,"9":0.9946120977,"10":0.9989224076,"11":1.0,"12":1.0,"13":1.0,"14":1.0},"precision":{"0":0.921546936,"1":0.997828424,"2":0.9924160242,"3":0.9967707396,"4":1.0,"5":0.9989224076,"6":1.0,"7":1.0,"8":1.0,"9":0.9945175648,"10":0.998920083,"11":1.0,"12":1.0,"13":1.0,"14":1.0},"recall":{"0":0.9065217376,"1":0.997828424,"2":0.9913420081,"3":0.9978448153,"4":0.998904705,"5":0.9989224076,"6":1.0,"7":1.0,"8":1.0,"9":0.9945175648,"10":0.998920083,"11":1.0,"12":1.0,"13":1.0,"14":1.0},"auc":{"0":0.9630545378,"1":0.9999906421,"2":0.9986430407,"3":0.9996811748,"4":1.0000001192,"5":0.9994484782,"6":0.9999999404,"7":1.0,"8":0.9999999404,"9":0.9999070764,"10":0.9999988675,"11":1.0,"12":1.0,"13":1.0,"14":1.0},"val_loss":{"0":1.4507241249,"1":4.1991796494,"2":2.4742002487,"3":0.5256584287,"4":0.9201857448,"5":0.7316983938,"6":0.0111834621,"7":0.0075646052,"8":0.0016272798,"9":0.504639864,"10":0.0238022674,"11":0.0004806163,"12":0.0004095045,"13":0.0002543288,"14":0.0001779981},"val_tp":{"0":72.0,"1":71.0,"2":71.0,"3":70.0,"4":70.0,"5":48.0,"6":70.0,"7":73.0,"8":69.0,"9":62.0,"10":72.0,"11":76.0,"12":72.0,"13":72.0,"14":72.0},"val_fp":{"0":72.0,"1":73.0,"2":69.0,"3":29.0,"4":37.0,"5":0.0,"6":0.0,"7":0.0,"8":0.0,"9":0.0,"10":0.0,"11":0.0,"12":0.0,"13":0.0,"14":0.0},"val_tn":{"0":0.0,"1":0.0,"2":4.0,"3":45.0,"4":37.0,"5":72.0,"6":74.0,"7":71.0,"8":75.0,"9":76.0,"10":70.0,"11":68.0,"12":72.0,"13":72.0,"14":72.0},"val_fn":{"0":0.0,"1":0.0,"2":0.0,"3":0.0,"4":0.0,"5":24.0,"6":0.0,"7":0.0,"8":0.0,"9":6.0,"10":2.0,"11":0.0,"12":0.0,"13":0.0,"14":0.0},"val_accuracy":{"0":0.5,"1":0.4930555522,"2":0.5208333135,"3":0.7986111045,"4":0.743055582,"5":0.8333333135,"6":1.0,"7":1.0,"8":1.0,"9":0.9583333135,"10":0.9861111045,"11":1.0,"12":1.0,"13":1.0,"14":1.0},"val_precision":{"0":0.5,"1":0.4930555522,"2":0.5071428418,"3":0.7070707083,"4":0.6542056203,"5":1.0,"6":1.0,"7":1.0,"8":1.0,"9":1.0,"10":1.0,"11":1.0,"12":1.0,"13":1.0,"14":1.0},"val_recall":{"0":1.0,"1":1.0,"2":1.0,"3":1.0,"4":1.0,"5":0.6666666865,"6":1.0,"7":1.0,"8":1.0,"9":0.9117646813,"10":0.9729729891,"11":1.0,"12":1.0,"13":1.0,"14":1.0},"val_auc":{"0":0.8820408583,"1":0.5,"2":0.7534246445,"3":0.9785714149,"4":0.9386100173,"5":0.926504612,"6":0.9999999404,"7":1.0,"8":1.0,"9":0.9632352591,"10":1.0,"11":1.0,"12":1.0,"13":1.0,"14":1.0}}