{"loss":{"0":0.5164462328,"1":0.0158924479,"2":0.0100855036,"3":0.0034855441,"4":0.0037834977,"5":0.0003630371,"6":0.0004597135,"7":0.0010269039,"8":0.0001396301,"9":0.0000818119,"10":0.0000323028,"11":0.004868106,"12":0.0130179878,"13":0.0153727941,"14":0.0003244753},"tp":{"0":807.0,"1":914.0,"2":920.0,"3":930.0,"4":908.0,"5":933.0,"6":921.0,"7":918.0,"8":925.0,"9":931.0,"10":918.0,"11":909.0,"12":939.0,"13":914.0,"14":905.0},"fp":{"0":112.0,"1":8.0,"2":4.0,"3":1.0,"4":1.0,"5":0.0,"6":0.0,"7":0.0,"8":0.0,"9":0.0,"10":0.0,"11":1.0,"12":6.0,"13":6.0,"14":0.0},"tn":{"0":823.0,"1":932.0,"2":931.0,"3":924.0,"4":946.0,"5":923.0,"6":935.0,"7":938.0,"8":931.0,"9":925.0,"10":938.0,"11":943.0,"12":908.0,"13":934.0,"14":951.0},"fn":{"0":114.0,"1":2.0,"2":1.0,"3":1.0,"4":1.0,"5":0.0,"6":0.0,"7":0.0,"8":0.0,"9":0.0,"10":0.0,"11":3.0,"12":3.0,"13":2.0,"14":0.0},"accuracy":{"0":0.8782327771,"1":0.9946120977,"2":0.9973060489,"3":0.9989224076,"4":0.9989224076,"5":1.0,"6":1.0,"7":1.0,"8":1.0,"9":1.0,"10":1.0,"11":0.9978448153,"12":0.9951508641,"13":0.9956896305,"14":1.0},"precision":{"0":0.8781284094,"1":0.9913232327,"2":0.9956709743,"3":0.9989258647,"4":0.9988998771,"5":1.0,"6":1.0,"7":1.0,"8":1.0,"9":1.0,"10":1.0,"11":0.9989010692,"12":0.993650794,"13":0.9934782386,"14":1.0},"recall":{"0":0.876221478,"1":0.9978166223,"2":0.9989142418,"3":0.9989258647,"4":0.9988998771,"5":1.0,"6":1.0,"7":1.0,"8":1.0,"9":1.0,"10":1.0,"11":0.9967105389,"12":0.9968152642,"13":0.9978166223,"14":1.0},"auc":{"0":0.9402167201,"1":0.9998182058,"2":0.9998525381,"3":0.9999966025,"4":0.9999931455,"5":1.0,"6":1.0000001192,"7":1.0,"8":1.0,"9":1.0,"10":1.0,"11":0.999986589,"12":0.9998699427,"13":0.9988455176,"14":1.0},"val_loss":{"0":1.4412094355,"1":1.4577093124,"2":0.1183795556,"3":0.0088479035,"4":0.0001102789,"5":0.0000208334,"6":0.0000093899,"7":0.0002284461,"8":0.0000035896,"9":0.0000012008,"10":0.0000009745,"11":0.0057216119,"12":14.8690233231,"13":0.0028185195,"14":0.0000118595},"val_tp":{"0":73.0,"1":73.0,"2":72.0,"3":72.0,"4":73.0,"5":69.0,"6":72.0,"7":72.0,"8":71.0,"9":72.0,"10":67.0,"11":71.0,"12":0.0,"13":75.0,"14":73.0},"val_fp":{"0":71.0,"1":71.0,"2":9.0,"3":0.0,"4":0.0,"5":0.0,"6":0.0,"7":0.0,"8":0.0,"9":0.0,"10":0.0,"11":0.0,"12":0.0,"13":0.0,"14":0.0},"val_tn":{"0":0.0,"1":0.0,"2":63.0,"3":72.0,"4":71.0,"5":75.0,"6":72.0,"7":72.0,"8":73.0,"9":72.0,"10":77.0,"11":73.0,"12":73.0,"13":69.0,"14":71.0},"val_fn":{"0":0.0,"1":0.0,"2":0.0,"3":0.0,"4":0.0,"5":0.0,"6":0.0,"7":0.0,"8":0.0,"9":0.0,"10":0.0,"11":0.0,"12":71.0,"13":0.0,"14":0.0},"val_accuracy":{"0":0.506944418,"1":0.506944418,"2":0.9375,"3":1.0,"4":1.0,"5":1.0,"6":1.0,"7":1.0,"8":1.0,"9":1.0,"10":1.0,"11":1.0,"12":0.506944418,"13":1.0,"14":1.0},"val_precision":{"0":0.506944418,"1":0.506944418,"2":0.8888888955,"3":1.0,"4":1.0,"5":1.0,"6":1.0,"7":1.0,"8":1.0,"9":1.0,"10":1.0,"11":1.0,"12":0.0,"13":1.0,"14":1.0},"val_recall":{"0":1.0,"1":1.0,"2":1.0,"3":1.0,"4":1.0,"5":1.0,"6":1.0,"7":1.0,"8":1.0,"9":1.0,"10":1.0,"11":1.0,"12":0.0,"13":1.0,"14":1.0},"val_auc":{"0":0.9137564898,"1":0.9961411953,"2":1.0000001192,"3":1.0,"4":1.0,"5":1.0,"6":1.0,"7":1.0,"8":1.0,"9":1.0,"10":1.0,"11":1.0,"12":0.5,"13":1.0,"14":1.0}}