{"loss":{"0":0.6272567511,"1":0.0171756595,"2":0.0057048085,"3":0.0014579118,"4":0.0010618389,"5":0.0003822817,"6":0.0005519727,"7":0.0006475918,"8":0.0070129745,"9":0.0313361958,"10":0.0317868143,"11":0.001921882,"12":0.0020085047,"13":0.0006351806,"14":0.0002004044},"tp":{"0":804.0,"1":920.0,"2":931.0,"3":927.0,"4":913.0,"5":924.0,"6":923.0,"7":911.0,"8":929.0,"9":926.0,"10":917.0,"11":922.0,"12":937.0,"13":893.0,"14":942.0},"fp":{"0":98.0,"1":4.0,"2":2.0,"3":0.0,"4":0.0,"5":0.0,"6":0.0,"7":0.0,"8":2.0,"9":8.0,"10":11.0,"11":1.0,"12":1.0,"13":0.0,"14":0.0},"tn":{"0":841.0,"1":925.0,"2":921.0,"3":929.0,"4":943.0,"5":932.0,"6":933.0,"7":945.0,"8":923.0,"9":913.0,"10":921.0,"11":932.0,"12":918.0,"13":963.0,"14":914.0},"fn":{"0":113.0,"1":7.0,"2":2.0,"3":0.0,"4":0.0,"5":0.0,"6":0.0,"7":0.0,"8":2.0,"9":9.0,"10":7.0,"11":1.0,"12":0.0,"13":0.0,"14":0.0},"accuracy":{"0":0.8863146305,"1":0.9940732718,"2":0.9978448153,"3":1.0,"4":1.0,"5":1.0,"6":1.0,"7":1.0,"8":0.9978448153,"9":0.9908404946,"10":0.9903017282,"11":0.9989224076,"12":0.9994612336,"13":1.0,"14":1.0},"precision":{"0":0.8913525343,"1":0.9956709743,"2":0.9978563786,"3":1.0,"4":1.0,"5":1.0,"6":1.0,"7":1.0,"8":0.997851789,"9":0.9914346933,"10":0.9881465435,"11":0.9989165664,"12":0.9989339113,"13":1.0,"14":1.0},"recall":{"0":0.8767721057,"1":0.9924487472,"2":0.9978563786,"3":1.0,"4":1.0,"5":1.0,"6":1.0,"7":1.0,"8":0.997851789,"9":0.9903743267,"10":0.9924242496,"11":0.9989165664,"12":1.0,"13":1.0,"14":1.0},"auc":{"0":0.9433218241,"1":0.9998282194,"2":0.9999930859,"3":0.9999999404,"4":0.9999999404,"5":0.9999999404,"6":1.0,"7":0.9999999404,"8":0.9999703169,"9":0.9990378022,"10":0.9980358481,"11":0.999997139,"12":0.9999959469,"13":1.0,"14":1.0},"val_loss":{"0":0.7027164698,"1":1.9782510996,"2":2.588791132,"3":1.0039070845,"4":0.0187423192,"5":0.0000648304,"6":0.0000216145,"7":0.00000353,"8":0.0079646576,"9":0.1516211778,"10":0.0687981248,"11":0.000000235,"12":0.0000000274,"13":0.310352236,"14":0.0000035267},"val_tp":{"0":70.0,"1":67.0,"2":69.0,"3":70.0,"4":76.0,"5":73.0,"6":69.0,"7":74.0,"8":73.0,"9":64.0,"10":70.0,"11":74.0,"12":71.0,"13":60.0,"14":71.0},"val_fp":{"0":74.0,"1":77.0,"2":75.0,"3":56.0,"4":0.0,"5":0.0,"6":0.0,"7":0.0,"8":0.0,"9":0.0,"10":0.0,"11":0.0,"12":0.0,"13":0.0,"14":0.0},"val_tn":{"0":0.0,"1":0.0,"2":0.0,"3":18.0,"4":68.0,"5":71.0,"6":75.0,"7":70.0,"8":70.0,"9":74.0,"10":71.0,"11":70.0,"12":73.0,"13":70.0,"14":73.0},"val_fn":{"0":0.0,"1":0.0,"2":0.0,"3":0.0,"4":0.0,"5":0.0,"6":0.0,"7":0.0,"8":1.0,"9":6.0,"10":3.0,"11":0.0,"12":0.0,"13":14.0,"14":0.0},"val_accuracy":{"0":0.4861111045,"1":0.465277791,"2":0.4791666567,"3":0.6111111045,"4":1.0,"5":1.0,"6":1.0,"7":1.0,"8":0.993055582,"9":0.9583333135,"10":0.9791666865,"11":1.0,"12":1.0,"13":0.902777791,"14":1.0},"val_precision":{"0":0.4861111045,"1":0.465277791,"2":0.4791666567,"3":0.555555582,"4":1.0,"5":1.0,"6":1.0,"7":1.0,"8":1.0,"9":1.0,"10":1.0,"11":1.0,"12":1.0,"13":1.0,"14":1.0},"val_recall":{"0":1.0,"1":1.0,"2":1.0,"3":1.0,"4":1.0,"5":1.0,"6":1.0,"7":1.0,"8":0.9864864945,"9":0.9142857194,"10":0.9589040875,"11":1.0,"12":1.0,"13":0.8108108044,"14":1.0},"val_auc":{"0":0.9642857313,"1":0.9929249883,"2":0.8133333325,"3":0.9864865541,"4":1.0,"5":1.0,"6":1.0,"7":1.0,"8":1.0,"9":0.9785714149,"10":1.0,"11":1.0,"12":1.0,"13":0.9864864945,"14":1.0}}