{"loss":{"0":0.6034452319,"1":0.0948805362,"2":0.0765198395,"3":0.0582800731,"4":0.0341121331,"5":0.0514486544,"6":0.0509491377,"7":0.0124248583,"8":0.0106141893,"9":0.0139754489,"10":0.0017113774,"11":0.0003130063,"12":0.0001702633,"13":0.0001555827,"14":0.0001146525},"tp":{"0":765.0,"1":883.0,"2":908.0,"3":903.0,"4":906.0,"5":910.0,"6":906.0,"7":916.0,"8":910.0,"9":922.0,"10":930.0,"11":923.0,"12":917.0,"13":934.0,"14":908.0},"fp":{"0":152.0,"1":22.0,"2":23.0,"3":17.0,"4":12.0,"5":21.0,"6":19.0,"7":3.0,"8":4.0,"9":3.0,"10":0.0,"11":0.0,"12":0.0,"13":0.0,"14":0.0},"tn":{"0":785.0,"1":917.0,"2":901.0,"3":916.0,"4":927.0,"5":903.0,"6":913.0,"7":934.0,"8":938.0,"9":925.0,"10":926.0,"11":933.0,"12":939.0,"13":922.0,"14":948.0},"fn":{"0":154.0,"1":34.0,"2":24.0,"3":20.0,"4":11.0,"5":22.0,"6":18.0,"7":3.0,"8":4.0,"9":6.0,"10":0.0,"11":0.0,"12":0.0,"13":0.0,"14":0.0},"accuracy":{"0":0.8351293206,"1":0.9698275924,"2":0.9746767282,"3":0.9800646305,"4":0.9876077771,"5":0.976831913,"6":0.9800646305,"7":0.9967672229,"8":0.9956896305,"9":0.9951508641,"10":1.0,"11":1.0,"12":1.0,"13":1.0,"14":1.0},"precision":{"0":0.8342421055,"1":0.9756906033,"2":0.9752953649,"3":0.9815217257,"4":0.9869281054,"5":0.9774436355,"6":0.9794594646,"7":0.9967355728,"8":0.9956236482,"9":0.9967567325,"10":1.0,"11":1.0,"12":1.0,"13":1.0,"14":1.0},"recall":{"0":0.832426548,"1":0.9629225731,"2":0.9742489457,"3":0.9783315063,"4":0.9880043864,"5":0.9763948321,"6":0.9805194736,"7":0.9967355728,"8":0.9956236482,"9":0.9935345054,"10":1.0,"11":1.0,"12":1.0,"13":1.0,"14":1.0},"auc":{"0":0.8975324631,"1":0.9930214882,"2":0.9955124855,"3":0.9973623157,"4":0.9992672205,"5":0.9980636239,"6":0.9974579811,"7":0.9998989105,"8":0.9994297624,"9":0.9998682141,"10":1.0,"11":1.0,"12":1.0,"13":1.0,"14":0.9999999404},"val_loss":{"0":1.0933634043,"1":1.3774619102,"2":0.1125600487,"3":0.0728197768,"4":0.3645452261,"5":2.355104208,"6":0.0158252046,"7":0.0595901273,"8":0.0048954803,"9":0.1684842259,"10":0.0882477462,"11":0.0031747795,"12":0.0048589609,"13":0.0011194713,"14":0.0009051831},"val_tp":{"0":72.0,"1":68.0,"2":66.0,"3":67.0,"4":70.0,"5":18.0,"6":70.0,"7":72.0,"8":72.0,"9":70.0,"10":74.0,"11":68.0,"12":67.0,"13":71.0,"14":72.0},"val_fp":{"0":72.0,"1":76.0,"2":2.0,"3":3.0,"4":16.0,"5":0.0,"6":0.0,"7":5.0,"8":0.0,"9":8.0,"10":4.0,"11":0.0,"12":0.0,"13":0.0,"14":0.0},"val_tn":{"0":0.0,"1":0.0,"2":75.0,"3":74.0,"4":58.0,"5":74.0,"6":73.0,"7":67.0,"8":72.0,"9":66.0,"10":66.0,"11":76.0,"12":77.0,"13":73.0,"14":72.0},"val_fn":{"0":0.0,"1":0.0,"2":1.0,"3":0.0,"4":0.0,"5":52.0,"6":1.0,"7":0.0,"8":0.0,"9":0.0,"10":0.0,"11":0.0,"12":0.0,"13":0.0,"14":0.0},"val_accuracy":{"0":0.5,"1":0.472222209,"2":0.9791666865,"3":0.9791666865,"4":0.8888888955,"5":0.6388888955,"6":0.993055582,"7":0.965277791,"8":1.0,"9":0.944444418,"10":0.972222209,"11":1.0,"12":1.0,"13":1.0,"14":1.0},"val_precision":{"0":0.5,"1":0.472222209,"2":0.9705882072,"3":0.9571428299,"4":0.8139534593,"5":1.0,"6":1.0,"7":0.9350649118,"8":1.0,"9":0.8974359035,"10":0.9487179518,"11":1.0,"12":1.0,"13":1.0,"14":1.0},"val_recall":{"0":1.0,"1":1.0,"2":0.9850746393,"3":1.0,"4":1.0,"5":0.2571428716,"6":0.985915482,"7":1.0,"8":1.0,"9":1.0,"10":1.0,"11":1.0,"12":1.0,"13":1.0,"14":1.0},"val_auc":{"0":0.6358024478,"1":0.9488196373,"2":0.9992246628,"3":0.9996124506,"4":0.9920849204,"5":0.8000000119,"6":1.0,"7":1.0000001192,"8":1.0,"9":0.999710381,"10":0.9928572178,"11":1.0,"12":1.0,"13":1.0,"14":1.0}}