{"loss":{"0":0.3067957759,"1":0.0241883919,"2":0.0118753342,"3":0.0079477485,"4":0.0081859287,"5":0.0002178272,"6":0.0001429767,"7":0.000057281,"8":0.0000377134,"9":0.0000562457,"10":0.0001042969,"11":0.0000340096,"12":0.000047566,"13":0.0000152509,"14":0.0000375322},"tp":{"0":868.0,"1":919.0,"2":919.0,"3":920.0,"4":932.0,"5":919.0,"6":920.0,"7":924.0,"8":932.0,"9":918.0,"10":920.0,"11":925.0,"12":935.0,"13":921.0,"14":938.0},"fp":{"0":45.0,"1":5.0,"2":3.0,"3":2.0,"4":2.0,"5":0.0,"6":0.0,"7":0.0,"8":0.0,"9":0.0,"10":0.0,"11":0.0,"12":0.0,"13":0.0,"14":0.0},"tn":{"0":890.0,"1":927.0,"2":932.0,"3":932.0,"4":920.0,"5":937.0,"6":936.0,"7":932.0,"8":924.0,"9":938.0,"10":936.0,"11":931.0,"12":921.0,"13":935.0,"14":918.0},"fn":{"0":53.0,"1":5.0,"2":2.0,"3":2.0,"4":2.0,"5":0.0,"6":0.0,"7":0.0,"8":0.0,"9":0.0,"10":0.0,"11":0.0,"12":0.0,"13":0.0,"14":0.0},"accuracy":{"0":0.9471982718,"1":0.9946120977,"2":0.9973060489,"3":0.9978448153,"4":0.9978448153,"5":1.0,"6":1.0,"7":1.0,"8":1.0,"9":1.0,"10":1.0,"11":1.0,"12":1.0,"13":1.0,"14":1.0},"precision":{"0":0.9507119656,"1":0.9945887327,"2":0.9967461824,"3":0.9978308082,"4":0.9978586435,"5":1.0,"6":1.0,"7":1.0,"8":1.0,"9":1.0,"10":1.0,"11":1.0,"12":1.0,"13":1.0,"14":1.0},"recall":{"0":0.9424538612,"1":0.9945887327,"2":0.997828424,"3":0.9978308082,"4":0.9978586435,"5":1.0,"6":1.0,"7":1.0,"8":1.0,"9":1.0,"10":1.0,"11":1.0,"12":1.0,"13":1.0,"14":1.0},"auc":{"0":0.9774436355,"1":0.9987877607,"2":0.9994129539,"3":0.9994420409,"4":0.9994409084,"5":1.0,"6":0.9999999404,"7":1.0,"8":1.0,"9":1.0,"10":0.9999999404,"11":1.0,"12":1.0,"13":1.0,"14":1.0},"val_loss":{"0":0.4193896353,"1":0.0705022365,"2":0.095358707,"3":0.2073857486,"4":0.0010611195,"5":0.0013095586,"6":0.0010552785,"7":0.0003860848,"8":0.0005441713,"9":0.0003661338,"10":0.0001391999,"11":0.0001630008,"12":0.0001098354,"13":0.0000973173,"14":0.0002758596},"val_tp":{"0":59.0,"1":69.0,"2":65.0,"3":57.0,"4":70.0,"5":73.0,"6":66.0,"7":69.0,"8":75.0,"9":70.0,"10":73.0,"11":71.0,"12":73.0,"13":68.0,"14":70.0},"val_fp":{"0":2.0,"1":0.0,"2":0.0,"3":0.0,"4":0.0,"5":0.0,"6":0.0,"7":0.0,"8":0.0,"9":0.0,"10":0.0,"11":0.0,"12":0.0,"13":0.0,"14":0.0},"val_tn":{"0":73.0,"1":75.0,"2":72.0,"3":73.0,"4":74.0,"5":71.0,"6":78.0,"7":75.0,"8":69.0,"9":74.0,"10":71.0,"11":73.0,"12":71.0,"13":76.0,"14":74.0},"val_fn":{"0":10.0,"1":0.0,"2":7.0,"3":14.0,"4":0.0,"5":0.0,"6":0.0,"7":0.0,"8":0.0,"9":0.0,"10":0.0,"11":0.0,"12":0.0,"13":0.0,"14":0.0},"val_accuracy":{"0":0.9166666865,"1":1.0,"2":0.9513888955,"3":0.902777791,"4":1.0,"5":1.0,"6":1.0,"7":1.0,"8":1.0,"9":1.0,"10":1.0,"11":1.0,"12":1.0,"13":1.0,"14":1.0},"val_precision":{"0":0.9672130942,"1":1.0,"2":1.0,"3":1.0,"4":1.0,"5":1.0,"6":1.0,"7":1.0,"8":1.0,"9":1.0,"10":1.0,"11":1.0,"12":1.0,"13":1.0,"14":1.0},"val_recall":{"0":0.8550724387,"1":1.0,"2":0.902777791,"3":0.8028169274,"4":1.0,"5":1.0,"6":1.0,"7":1.0,"8":1.0,"9":1.0,"10":1.0,"11":1.0,"12":1.0,"13":1.0,"14":1.0},"val_auc":{"0":0.9920772314,"1":0.9999998808,"2":1.0,"3":1.0,"4":1.0,"5":1.0,"6":1.0,"7":1.0,"8":1.0,"9":1.0,"10":1.0,"11":1.0,"12":1.0,"13":1.0,"14":1.0}}