{"loss":{"0":0.4651191831,"1":0.0373446643,"2":0.0125243962,"3":0.0127589004,"4":0.0005179627,"5":0.0001514379,"6":0.000082025,"7":0.0009140066,"8":0.0001918891,"9":0.0000962651,"10":0.0000545039,"11":0.0000338119,"12":0.000141018,"13":0.000044526,"14":0.0000081755},"tp":{"0":853.0,"1":919.0,"2":912.0,"3":923.0,"4":918.0,"5":920.0,"6":933.0,"7":907.0,"8":926.0,"9":925.0,"10":919.0,"11":922.0,"12":919.0,"13":925.0,"14":906.0},"fp":{"0":71.0,"1":8.0,"2":3.0,"3":3.0,"4":0.0,"5":0.0,"6":0.0,"7":0.0,"8":0.0,"9":0.0,"10":0.0,"11":0.0,"12":0.0,"13":0.0,"14":0.0},"tn":{"0":863.0,"1":921.0,"2":938.0,"3":927.0,"4":938.0,"5":936.0,"6":923.0,"7":949.0,"8":930.0,"9":931.0,"10":937.0,"11":934.0,"12":937.0,"13":931.0,"14":950.0},"fn":{"0":69.0,"1":8.0,"2":3.0,"3":3.0,"4":0.0,"5":0.0,"6":0.0,"7":0.0,"8":0.0,"9":0.0,"10":0.0,"11":0.0,"12":0.0,"13":0.0,"14":0.0},"accuracy":{"0":0.9245689511,"1":0.9913793206,"2":0.9967672229,"3":0.9967672229,"4":1.0,"5":1.0,"6":1.0,"7":1.0,"8":1.0,"9":1.0,"10":1.0,"11":1.0,"12":1.0,"13":1.0,"14":1.0},"precision":{"0":0.9231601954,"1":0.9913700223,"2":0.9967213273,"3":0.9967602491,"4":1.0,"5":1.0,"6":1.0,"7":1.0,"8":1.0,"9":1.0,"10":1.0,"11":1.0,"12":1.0,"13":1.0,"14":1.0},"recall":{"0":0.925162673,"1":0.9913700223,"2":0.9967213273,"3":0.9967602491,"4":1.0,"5":1.0,"6":1.0,"7":1.0,"8":1.0,"9":1.0,"10":1.0,"11":1.0,"12":1.0,"13":1.0,"14":1.0},"auc":{"0":0.9576895833,"1":0.9974993467,"2":0.9999302626,"3":0.9988910556,"4":0.9999999404,"5":0.9999999404,"6":1.0,"7":1.0,"8":1.0,"9":1.0,"10":1.0,"11":1.0,"12":1.0,"13":1.0,"14":1.0},"val_loss":{"0":2.2721762657,"1":4.7405643463,"2":6.2310857773,"3":1.6623035669,"4":0.137851879,"5":0.0492884181,"6":0.0498194546,"7":0.0626245067,"8":0.0015929947,"9":0.0419212468,"10":0.0409403779,"11":0.0429238528,"12":0.0841361955,"13":0.0454593822,"14":0.0477897599},"val_tp":{"0":73.0,"1":71.0,"2":69.0,"3":72.0,"4":71.0,"5":71.0,"6":72.0,"7":70.0,"8":71.0,"9":69.0,"10":74.0,"11":69.0,"12":74.0,"13":72.0,"14":70.0},"val_fp":{"0":71.0,"1":73.0,"2":75.0,"3":49.0,"4":6.0,"5":1.0,"6":1.0,"7":2.0,"8":0.0,"9":1.0,"10":1.0,"11":1.0,"12":2.0,"13":1.0,"14":1.0},"val_tn":{"0":0.0,"1":0.0,"2":0.0,"3":23.0,"4":67.0,"5":72.0,"6":71.0,"7":72.0,"8":73.0,"9":74.0,"10":69.0,"11":74.0,"12":68.0,"13":71.0,"14":73.0},"val_fn":{"0":0.0,"1":0.0,"2":0.0,"3":0.0,"4":0.0,"5":0.0,"6":0.0,"7":0.0,"8":0.0,"9":0.0,"10":0.0,"11":0.0,"12":0.0,"13":0.0,"14":0.0},"val_accuracy":{"0":0.506944418,"1":0.4930555522,"2":0.4791666567,"3":0.659722209,"4":0.9583333135,"5":0.993055582,"6":0.993055582,"7":0.9861111045,"8":1.0,"9":0.993055582,"10":0.993055582,"11":0.993055582,"12":0.9861111045,"13":0.993055582,"14":0.993055582},"val_precision":{"0":0.506944418,"1":0.4930555522,"2":0.4791666567,"3":0.5950413346,"4":0.9220778942,"5":0.9861111045,"6":0.9863013625,"7":0.972222209,"8":1.0,"9":0.9857142568,"10":0.9866666794,"11":0.9857142568,"12":0.9736841917,"13":0.9863013625,"14":0.985915482},"val_recall":{"0":1.0,"1":1.0,"2":1.0,"3":1.0,"4":1.0,"5":1.0,"6":1.0,"7":1.0,"8":1.0,"9":1.0,"10":1.0,"11":1.0,"12":1.0,"13":1.0,"14":1.0},"val_auc":{"0":0.4873625636,"1":0.5,"2":0.5,"3":0.8541666865,"4":0.9931508303,"5":0.9931507111,"6":0.9930555224,"7":0.9932432175,"8":1.0,"9":0.9933333397,"10":0.9928571582,"11":0.9933333397,"12":0.9857143164,"13":0.9930555224,"14":0.9932432771}}