{"loss":{"0":0.7202052474,"1":0.0094060246,"2":0.0066495817,"3":0.0016754912,"4":0.0006803183,"5":0.0040944824,"6":0.0010296036,"7":0.0002376251,"8":0.0003413607,"9":0.000143267,"10":0.0002262012,"11":0.0006600219,"12":0.0019446689,"13":0.0001982424,"14":0.0001664997},"tp":{"0":826.0,"1":916.0,"2":920.0,"3":924.0,"4":925.0,"5":918.0,"6":932.0,"7":906.0,"8":930.0,"9":922.0,"10":921.0,"11":920.0,"12":915.0,"13":940.0,"14":902.0},"fp":{"0":95.0,"1":1.0,"2":2.0,"3":0.0,"4":0.0,"5":1.0,"6":0.0,"7":0.0,"8":0.0,"9":0.0,"10":0.0,"11":0.0,"12":0.0,"13":0.0,"14":0.0},"tn":{"0":837.0,"1":936.0,"2":932.0,"3":932.0,"4":931.0,"5":935.0,"6":924.0,"7":950.0,"8":926.0,"9":934.0,"10":935.0,"11":936.0,"12":940.0,"13":916.0,"14":954.0},"fn":{"0":98.0,"1":3.0,"2":2.0,"3":0.0,"4":0.0,"5":2.0,"6":0.0,"7":0.0,"8":0.0,"9":0.0,"10":0.0,"11":0.0,"12":1.0,"13":0.0,"14":0.0},"accuracy":{"0":0.8960129023,"1":0.9978448153,"2":0.9978448153,"3":1.0,"4":1.0,"5":0.9983836412,"6":1.0,"7":1.0,"8":1.0,"9":1.0,"10":1.0,"11":1.0,"12":0.9994612336,"13":1.0,"14":1.0},"precision":{"0":0.8968512416,"1":0.9989094734,"2":0.9978308082,"3":1.0,"4":1.0,"5":0.9989118576,"6":1.0,"7":1.0,"8":1.0,"9":1.0,"10":1.0,"11":1.0,"12":1.0,"13":1.0,"14":1.0},"recall":{"0":0.8939393759,"1":0.9967355728,"2":0.9978308082,"3":1.0,"4":1.0,"5":0.9978260994,"6":1.0,"7":1.0,"8":1.0,"9":1.0,"10":1.0,"11":1.0,"12":0.9989082813,"13":1.0,"14":1.0},"auc":{"0":0.9380480647,"1":0.9999570847,"2":0.9999698997,"3":1.0,"4":1.0,"5":0.9999976754,"6":0.9999999404,"7":0.9999998808,"8":1.0,"9":1.0,"10":1.0000001192,"11":0.9999999404,"12":1.0000001192,"13":0.9999999404,"14":0.9999999404},"val_loss":{"0":0.7901234627,"1":0.5004172921,"2":0.1384422332,"3":0.012664794,"4":0.0051821093,"5":0.0012782252,"6":0.0031219735,"7":0.0026612661,"8":0.0019955046,"9":0.002203851,"10":0.0001100314,"11":0.0165135302,"12":0.0001706166,"13":0.0003452274,"14":0.0062669832},"val_tp":{"0":72.0,"1":69.0,"2":71.0,"3":76.0,"4":73.0,"5":72.0,"6":73.0,"7":73.0,"8":71.0,"9":70.0,"10":71.0,"11":70.0,"12":73.0,"13":72.0,"14":72.0},"val_fp":{"0":72.0,"1":58.0,"2":0.0,"3":0.0,"4":0.0,"5":0.0,"6":0.0,"7":0.0,"8":0.0,"9":0.0,"10":0.0,"11":1.0,"12":0.0,"13":0.0,"14":1.0},"val_tn":{"0":0.0,"1":17.0,"2":73.0,"3":68.0,"4":71.0,"5":72.0,"6":71.0,"7":71.0,"8":73.0,"9":74.0,"10":73.0,"11":73.0,"12":71.0,"13":72.0,"14":71.0},"val_fn":{"0":0.0,"1":0.0,"2":0.0,"3":0.0,"4":0.0,"5":0.0,"6":0.0,"7":0.0,"8":0.0,"9":0.0,"10":0.0,"11":0.0,"12":0.0,"13":0.0,"14":0.0},"val_accuracy":{"0":0.5,"1":0.597222209,"2":1.0,"3":1.0,"4":1.0,"5":1.0,"6":1.0,"7":1.0,"8":1.0,"9":1.0,"10":1.0,"11":0.993055582,"12":1.0,"13":1.0,"14":0.993055582},"val_precision":{"0":0.5,"1":0.543307066,"2":1.0,"3":1.0,"4":1.0,"5":1.0,"6":1.0,"7":1.0,"8":1.0,"9":1.0,"10":1.0,"11":0.985915482,"12":1.0,"13":1.0,"14":0.9863013625},"val_recall":{"0":1.0,"1":1.0,"2":1.0,"3":1.0,"4":1.0,"5":1.0,"6":1.0,"7":1.0,"8":1.0,"9":1.0,"10":1.0,"11":1.0,"12":1.0,"13":1.0,"14":1.0},"val_auc":{"0":0.8512731791,"1":0.9888888597,"2":1.0,"3":1.0,"4":1.0,"5":1.0,"6":1.0,"7":1.0,"8":1.0,"9":1.0,"10":1.0,"11":0.9999999404,"12":1.0,"13":1.0,"14":1.0}}