{"loss":{"0":0.4491548836,"1":0.0787044689,"2":0.0737787336,"3":0.0403772816,"4":0.0414910614,"5":0.0210089087,"6":0.0194828175,"7":0.010848227,"8":0.012101247,"9":0.0212813895,"10":0.0229263902,"11":0.0009611485,"12":0.0219105892,"13":0.0156489648,"14":0.0120017044},"tp":{"0":797.0,"1":900.0,"2":901.0,"3":908.0,"4":903.0,"5":923.0,"6":916.0,"7":923.0,"8":912.0,"9":907.0,"10":912.0,"11":930.0,"12":929.0,"13":913.0,"14":914.0},"fp":{"0":117.0,"1":26.0,"2":25.0,"3":12.0,"4":13.0,"5":7.0,"6":6.0,"7":4.0,"8":4.0,"9":7.0,"10":8.0,"11":0.0,"12":8.0,"13":4.0,"14":5.0},"tn":{"0":817.0,"1":905.0,"2":904.0,"3":922.0,"4":925.0,"5":920.0,"6":928.0,"7":925.0,"8":935.0,"9":935.0,"10":928.0,"11":926.0,"12":913.0,"13":935.0,"14":933.0},"fn":{"0":125.0,"1":25.0,"2":26.0,"3":14.0,"4":15.0,"5":6.0,"6":6.0,"7":4.0,"8":5.0,"9":7.0,"10":8.0,"11":0.0,"12":6.0,"13":4.0,"14":4.0},"accuracy":{"0":0.8696120977,"1":0.9725215435,"2":0.9725215435,"3":0.9859913588,"4":0.9849137664,"5":0.9929956794,"6":0.9935345054,"7":0.9956896305,"8":0.9951508641,"9":0.992456913,"10":0.9913793206,"11":1.0,"12":0.992456913,"13":0.9956896305,"14":0.9951508641},"precision":{"0":0.8719912767,"1":0.9719222188,"2":0.9730021358,"3":0.9869565368,"4":0.9858078361,"5":0.9924731255,"6":0.9934924245,"7":0.9956849813,"8":0.9956331849,"9":0.9923413396,"10":0.991304338,"11":1.0,"12":0.9914621115,"13":0.9956379533,"14":0.994559288},"recall":{"0":0.8644251823,"1":0.9729729891,"2":0.9719525576,"3":0.9848155975,"4":0.9836601019,"5":0.9935414195,"6":0.9934924245,"7":0.9956849813,"8":0.9945474267,"9":0.9923413396,"10":0.991304338,"11":1.0,"12":0.9935829043,"13":0.9956379533,"14":0.9956427217},"auc":{"0":0.9337280393,"1":0.9949934483,"2":0.9966301322,"3":0.9989373684,"4":0.998493731,"5":0.9996951818,"6":0.9997677803,"7":0.9999406934,"8":0.9999083281,"9":0.9997265339,"10":0.9996940494,"11":1.0,"12":0.9992405772,"13":0.9993607402,"14":0.9993792772},"val_loss":{"0":1.4100689888,"1":0.7568867803,"2":1.2548084259,"3":0.127306655,"4":0.1072812155,"5":0.0055331574,"6":0.0164722726,"7":0.032179337,"8":0.1150960252,"9":0.0372916758,"10":0.0207203459,"11":0.057386443,"12":0.0685522705,"13":0.0702206567,"14":0.0117534138},"val_tp":{"0":72.0,"1":75.0,"2":71.0,"3":62.0,"4":69.0,"5":74.0,"6":73.0,"7":65.0,"8":69.0,"9":68.0,"10":70.0,"11":72.0,"12":71.0,"13":69.0,"14":72.0},"val_fp":{"0":72.0,"1":69.0,"2":71.0,"3":1.0,"4":5.0,"5":0.0,"6":1.0,"7":0.0,"8":1.0,"9":0.0,"10":1.0,"11":5.0,"12":2.0,"13":1.0,"14":1.0},"val_tn":{"0":0.0,"1":0.0,"2":2.0,"3":71.0,"4":70.0,"5":70.0,"6":70.0,"7":75.0,"8":71.0,"9":74.0,"10":73.0,"11":67.0,"12":71.0,"13":72.0,"14":71.0},"val_fn":{"0":0.0,"1":0.0,"2":0.0,"3":10.0,"4":0.0,"5":0.0,"6":0.0,"7":4.0,"8":3.0,"9":2.0,"10":0.0,"11":0.0,"12":0.0,"13":2.0,"14":0.0},"val_accuracy":{"0":0.5,"1":0.5208333135,"2":0.506944418,"3":0.9236111045,"4":0.965277791,"5":1.0,"6":0.993055582,"7":0.972222209,"8":0.972222209,"9":0.9861111045,"10":0.993055582,"11":0.965277791,"12":0.9861111045,"13":0.9791666865,"14":0.993055582},"val_precision":{"0":0.5,"1":0.5208333135,"2":0.5,"3":0.9841269851,"4":0.9324324131,"5":1.0,"6":0.9864864945,"7":1.0,"8":0.9857142568,"9":1.0,"10":0.985915482,"11":0.9350649118,"12":0.972602725,"13":0.9857142568,"14":0.9863013625},"val_recall":{"0":1.0,"1":1.0,"2":1.0,"3":0.8611111045,"4":1.0,"5":1.0,"6":1.0,"7":0.9420289993,"8":0.9583333135,"9":0.9714285731,"10":1.0,"11":1.0,"12":1.0,"13":0.9718309641,"14":1.0},"val_auc":{"0":0.6376350522,"1":0.8687922359,"2":0.9849508405,"3":0.9969135523,"4":0.9991304874,"5":1.0,"6":0.9998071194,"7":1.0,"8":0.9912230968,"9":0.9994208217,"10":0.9999999404,"11":1.0,"12":0.9996141791,"13":0.9991317391,"14":1.0}}