{"loss":{"0":0.4142588675,"1":0.1194692478,"2":0.1021737754,"3":0.1007484049,"4":0.1162828282,"5":0.1071131974,"6":0.142608121,"7":0.1001882404,"8":0.0973671228,"9":0.0993986428,"10":0.0955192894,"11":0.1017282158,"12":0.0939023942,"13":0.1000470296,"14":0.0976206511},"tp":{"0":810.0,"1":834.0,"2":808.0,"3":797.0,"4":838.0,"5":809.0,"6":817.0,"7":818.0,"8":809.0,"9":788.0,"10":817.0,"11":797.0,"12":861.0,"13":823.0,"14":783.0},"fp":{"0":106.0,"1":65.0,"2":13.0,"3":6.0,"4":54.0,"5":17.0,"6":42.0,"7":24.0,"8":3.0,"9":0.0,"10":0.0,"11":11.0,"12":51.0,"13":34.0,"14":0.0},"tn":{"0":830.0,"1":868.0,"2":919.0,"3":933.0,"4":880.0,"5":915.0,"6":890.0,"7":916.0,"8":923.0,"9":947.0,"10":915.0,"11":930.0,"12":878.0,"13":902.0,"14":952.0},"fn":{"0":110.0,"1":89.0,"2":116.0,"3":120.0,"4":84.0,"5":115.0,"6":107.0,"7":98.0,"8":121.0,"9":121.0,"10":124.0,"11":118.0,"12":66.0,"13":97.0,"14":121.0},"accuracy":{"0":0.8836206794,"1":0.9170258641,"2":0.9304956794,"3":0.9321120977,"4":0.9256465435,"5":0.9288793206,"6":0.9197198153,"7":0.9342672229,"8":0.9331896305,"9":0.9348060489,"10":0.9331896305,"11":0.9304956794,"12":0.9369612336,"13":0.929418087,"14":0.9348060489},"precision":{"0":0.8842794895,"1":0.9276974201,"2":0.9841656685,"3":0.9925280213,"4":0.9394618869,"5":0.9794188738,"6":0.9511059523,"7":0.9714964628,"8":0.9963054061,"9":1.0,"10":1.0,"11":0.9863861203,"12":0.9440789223,"13":0.9603267312,"14":1.0},"recall":{"0":0.8804348111,"1":0.9035753012,"2":0.8744588494,"3":0.8691384792,"4":0.9088937044,"5":0.8755411506,"6":0.8841991425,"7":0.8930131197,"8":0.869892478,"9":0.8668866754,"10":0.8682252765,"11":0.8710382581,"12":0.9288026094,"13":0.8945652246,"14":0.8661504388},"auc":{"0":0.9581753612,"1":0.986215651,"2":0.9897999763,"3":0.9892736673,"4":0.9878888726,"5":0.9880197644,"6":0.9828304052,"7":0.9893952608,"8":0.989559114,"9":0.9885898829,"10":0.9897592068,"11":0.9902191162,"12":0.9912005663,"13":0.9895722866,"14":0.9898467064},"val_loss":{"0":0.5204070807,"1":0.337210983,"2":0.1425958276,"3":0.4032832384,"4":0.0206349585,"5":1.6669499874,"6":0.0211392716,"7":0.0034228286,"8":0.0015155494,"9":0.0012628816,"10":0.0095593967,"11":0.0023143268,"12":0.0000101547,"13":0.0000391911,"14":0.0010918637},"val_tp":{"0":73.0,"1":72.0,"2":72.0,"3":72.0,"4":71.0,"5":50.0,"6":72.0,"7":70.0,"8":70.0,"9":70.0,"10":70.0,"11":70.0,"12":72.0,"13":74.0,"14":72.0},"val_fp":{"0":61.0,"1":23.0,"2":7.0,"3":17.0,"4":1.0,"5":2.0,"6":1.0,"7":0.0,"8":0.0,"9":0.0,"10":0.0,"11":0.0,"12":0.0,"13":0.0,"14":0.0},"val_tn":{"0":10.0,"1":49.0,"2":65.0,"3":55.0,"4":72.0,"5":69.0,"6":71.0,"7":74.0,"8":74.0,"9":74.0,"10":74.0,"11":74.0,"12":72.0,"13":70.0,"14":72.0},"val_fn":{"0":0.0,"1":0.0,"2":0.0,"3":0.0,"4":0.0,"5":23.0,"6":0.0,"7":0.0,"8":0.0,"9":0.0,"10":0.0,"11":0.0,"12":0.0,"13":0.0,"14":0.0},"val_accuracy":{"0":0.5763888955,"1":0.840277791,"2":0.9513888955,"3":0.881944418,"4":0.993055582,"5":0.8263888955,"6":0.993055582,"7":1.0,"8":1.0,"9":1.0,"10":1.0,"11":1.0,"12":1.0,"13":1.0,"14":1.0},"val_precision":{"0":0.5447761416,"1":0.7578947544,"2":0.9113923907,"3":0.80898875,"4":0.9861111045,"5":0.961538434,"6":0.9863013625,"7":1.0,"8":1.0,"9":1.0,"10":1.0,"11":1.0,"12":1.0,"13":1.0,"14":1.0},"val_recall":{"0":1.0,"1":1.0,"2":1.0,"3":1.0,"4":1.0,"5":0.6849315166,"6":1.0,"7":1.0,"8":1.0,"9":1.0,"10":1.0,"11":1.0,"12":1.0,"13":1.0,"14":1.0},"val_auc":{"0":0.9907389283,"1":1.0,"2":0.9996142387,"3":0.9791666269,"4":1.0,"5":0.8864557743,"6":1.0,"7":1.0,"8":1.0,"9":1.0,"10":1.0,"11":1.0,"12":1.0,"13":1.0,"14":1.0}}