{"loss":{"0":0.4181790054,"1":0.0197466072,"2":0.0145268077,"3":0.0022693707,"4":0.0067423414,"5":0.0031637298,"6":0.0011825284,"7":0.003415812,"8":0.0004489837,"9":0.0004367109,"10":0.0047154892,"11":0.0050794785,"12":0.0073190131,"13":0.0004645726,"14":0.0001500967},"tp":{"0":858.0,"1":923.0,"2":929.0,"3":920.0,"4":908.0,"5":937.0,"6":911.0,"7":928.0,"8":930.0,"9":928.0,"10":925.0,"11":913.0,"12":928.0,"13":920.0,"14":932.0},"fp":{"0":56.0,"1":6.0,"2":3.0,"3":1.0,"4":3.0,"5":2.0,"6":1.0,"7":2.0,"8":0.0,"9":0.0,"10":1.0,"11":3.0,"12":3.0,"13":0.0,"14":0.0},"tn":{"0":882.0,"1":924.0,"2":922.0,"3":935.0,"4":943.0,"5":915.0,"6":944.0,"7":925.0,"8":926.0,"9":928.0,"10":928.0,"11":938.0,"12":924.0,"13":936.0,"14":924.0},"fn":{"0":60.0,"1":3.0,"2":2.0,"3":0.0,"4":2.0,"5":2.0,"6":0.0,"7":1.0,"8":0.0,"9":0.0,"10":2.0,"11":2.0,"12":1.0,"13":0.0,"14":0.0},"accuracy":{"0":0.9375,"1":0.9951508641,"2":0.9973060489,"3":0.9994612336,"4":0.9973060489,"5":0.9978448153,"6":0.9994612336,"7":0.9983836412,"8":1.0,"9":1.0,"10":0.9983836412,"11":0.9973060489,"12":0.9978448153,"13":1.0,"14":1.0},"precision":{"0":0.9387308359,"1":0.9935414195,"2":0.9967811108,"3":0.9989142418,"4":0.996706903,"5":0.9978700876,"6":0.998903513,"7":0.9978494644,"8":1.0,"9":1.0,"10":0.998920083,"11":0.9967249036,"12":0.9967776537,"13":1.0,"14":1.0},"recall":{"0":0.9346405268,"1":0.9967602491,"2":0.997851789,"3":1.0,"4":0.9978021979,"5":0.9978700876,"6":1.0,"7":0.9989235997,"8":1.0,"9":1.0,"10":0.9978424907,"11":0.9978141785,"12":0.9989235997,"13":1.0,"14":1.0},"auc":{"0":0.9666879177,"1":0.9992429018,"2":0.9993038774,"3":0.9999988675,"4":0.9999762177,"5":0.9999942183,"6":1.0,"7":0.9999964833,"8":1.0,"9":1.0,"10":0.9999859929,"11":0.9999872446,"12":0.9999500513,"13":0.9999999404,"14":1.0},"val_loss":{"0":4.582239151,"1":5.2025103569,"2":5.671131134,"3":3.3007695675,"4":0.2659958899,"5":0.0625544935,"6":0.0000791557,"7":0.0161685105,"8":0.00714425,"9":0.0010251277,"10":0.0025710079,"11":0.0098978337,"12":0.0006247351,"13":0.0000928961,"14":0.0000010243},"val_tp":{"0":73.0,"1":70.0,"2":70.0,"3":68.0,"4":70.0,"5":71.0,"6":72.0,"7":70.0,"8":70.0,"9":67.0,"10":74.0,"11":69.0,"12":73.0,"13":69.0,"14":72.0},"val_fp":{"0":71.0,"1":74.0,"2":74.0,"3":75.0,"4":13.0,"5":3.0,"6":0.0,"7":1.0,"8":1.0,"9":0.0,"10":0.0,"11":0.0,"12":0.0,"13":0.0,"14":0.0},"val_tn":{"0":0.0,"1":0.0,"2":0.0,"3":1.0,"4":61.0,"5":70.0,"6":72.0,"7":73.0,"8":73.0,"9":77.0,"10":70.0,"11":74.0,"12":71.0,"13":75.0,"14":72.0},"val_fn":{"0":0.0,"1":0.0,"2":0.0,"3":0.0,"4":0.0,"5":0.0,"6":0.0,"7":0.0,"8":0.0,"9":0.0,"10":0.0,"11":1.0,"12":0.0,"13":0.0,"14":0.0},"val_accuracy":{"0":0.506944418,"1":0.4861111045,"2":0.4861111045,"3":0.4791666567,"4":0.909722209,"5":0.9791666865,"6":1.0,"7":0.993055582,"8":0.993055582,"9":1.0,"10":1.0,"11":0.993055582,"12":1.0,"13":1.0,"14":1.0},"val_precision":{"0":0.506944418,"1":0.4861111045,"2":0.4861111045,"3":0.4755244851,"4":0.8433734775,"5":0.9594594836,"6":1.0,"7":0.985915482,"8":0.985915482,"9":1.0,"10":1.0,"11":1.0,"12":1.0,"13":1.0,"14":1.0},"val_recall":{"0":1.0,"1":1.0,"2":1.0,"3":1.0,"4":1.0,"5":1.0,"6":1.0,"7":1.0,"8":1.0,"9":1.0,"10":1.0,"11":0.9857142568,"12":1.0,"13":1.0,"14":1.0},"val_auc":{"0":0.5,"1":0.5,"2":0.5,"3":0.6842105389,"4":0.9864865541,"5":1.0,"6":1.0,"7":1.0,"8":1.0,"9":1.0,"10":1.0,"11":1.0,"12":1.0,"13":1.0,"14":1.0}}