{"loss":{"0":0.2599696815,"1":0.0139494753,"2":0.0089563308,"3":0.0112744961,"4":0.0079936311,"5":0.0172331613,"6":0.0006131224,"7":0.0017078107,"8":0.0000502023,"9":0.0000216994,"10":0.0000217825,"11":0.0000205868,"12":0.0000208597,"13":0.0000078044,"14":0.0000309941},"tp":{"0":881.0,"1":915.0,"2":926.0,"3":920.0,"4":930.0,"5":905.0,"6":947.0,"7":913.0,"8":927.0,"9":921.0,"10":925.0,"11":930.0,"12":909.0,"13":933.0,"14":916.0},"fp":{"0":37.0,"1":5.0,"2":5.0,"3":2.0,"4":3.0,"5":4.0,"6":0.0,"7":1.0,"8":0.0,"9":0.0,"10":0.0,"11":0.0,"12":0.0,"13":0.0,"14":0.0},"tn":{"0":892.0,"1":933.0,"2":922.0,"3":932.0,"4":922.0,"5":945.0,"6":909.0,"7":942.0,"8":929.0,"9":935.0,"10":931.0,"11":926.0,"12":947.0,"13":923.0,"14":940.0},"fn":{"0":46.0,"1":3.0,"2":3.0,"3":2.0,"4":1.0,"5":2.0,"6":0.0,"7":0.0,"8":0.0,"9":0.0,"10":0.0,"11":0.0,"12":0.0,"13":0.0,"14":0.0},"accuracy":{"0":0.9552801847,"1":0.9956896305,"2":0.9956896305,"3":0.9978448153,"4":0.9978448153,"5":0.9967672229,"6":1.0,"7":0.9994612336,"8":1.0,"9":1.0,"10":1.0,"11":1.0,"12":1.0,"13":1.0,"14":1.0},"precision":{"0":0.9596949816,"1":0.9945651889,"2":0.9946294427,"3":0.9978308082,"4":0.9967845678,"5":0.9955995679,"6":1.0,"7":0.9989058971,"8":1.0,"9":1.0,"10":1.0,"11":1.0,"12":1.0,"13":1.0,"14":1.0},"recall":{"0":0.9503775835,"1":0.9967319965,"2":0.9967707396,"3":0.9978308082,"4":0.9989258647,"5":0.9977949262,"6":1.0,"7":1.0,"8":1.0,"9":1.0,"10":1.0,"11":1.0,"12":1.0,"13":1.0,"14":1.0},"auc":{"0":0.9759396315,"1":0.9993676543,"2":0.9999610186,"3":0.999443233,"4":0.9994287491,"5":0.9988672733,"6":1.0,"7":0.9999999404,"8":1.0,"9":1.0,"10":1.0,"11":1.0,"12":1.0,"13":1.0,"14":1.0},"val_loss":{"0":2.3106997013,"1":4.2887377739,"2":3.3989679813,"3":2.8802969456,"4":0.0812501907,"5":0.0006186955,"6":0.0029952787,"7":0.0014699259,"8":0.0007254324,"9":0.0011442065,"10":0.0012553035,"11":0.0023265402,"12":0.0017028754,"13":0.0009702689,"14":0.0003522907},"val_tp":{"0":72.0,"1":70.0,"2":75.0,"3":71.0,"4":71.0,"5":73.0,"6":69.0,"7":71.0,"8":75.0,"9":72.0,"10":72.0,"11":72.0,"12":76.0,"13":70.0,"14":71.0},"val_fp":{"0":72.0,"1":74.0,"2":69.0,"3":60.0,"4":4.0,"5":0.0,"6":0.0,"7":0.0,"8":0.0,"9":0.0,"10":0.0,"11":0.0,"12":0.0,"13":0.0,"14":0.0},"val_tn":{"0":0.0,"1":0.0,"2":0.0,"3":13.0,"4":69.0,"5":71.0,"6":75.0,"7":73.0,"8":69.0,"9":72.0,"10":72.0,"11":72.0,"12":68.0,"13":74.0,"14":73.0},"val_fn":{"0":0.0,"1":0.0,"2":0.0,"3":0.0,"4":0.0,"5":0.0,"6":0.0,"7":0.0,"8":0.0,"9":0.0,"10":0.0,"11":0.0,"12":0.0,"13":0.0,"14":0.0},"val_accuracy":{"0":0.5,"1":0.4861111045,"2":0.5208333135,"3":0.5833333135,"4":0.972222209,"5":1.0,"6":1.0,"7":1.0,"8":1.0,"9":1.0,"10":1.0,"11":1.0,"12":1.0,"13":1.0,"14":1.0},"val_precision":{"0":0.5,"1":0.4861111045,"2":0.5208333135,"3":0.5419847369,"4":0.9466666579,"5":1.0,"6":1.0,"7":1.0,"8":1.0,"9":1.0,"10":1.0,"11":1.0,"12":1.0,"13":1.0,"14":1.0},"val_recall":{"0":1.0,"1":1.0,"2":1.0,"3":1.0,"4":1.0,"5":1.0,"6":1.0,"7":1.0,"8":1.0,"9":1.0,"10":1.0,"11":1.0,"12":1.0,"13":1.0,"14":1.0},"val_auc":{"0":0.625,"1":0.5,"2":0.5942028761,"3":0.732876718,"4":0.9931507111,"5":1.0,"6":1.0,"7":1.0,"8":1.0,"9":1.0,"10":1.0,"11":1.0,"12":1.0,"13":1.0,"14":1.0}}