{"loss":{"0":0.4940680265,"1":0.0219760258,"2":0.0110834995,"3":0.001358868,"4":0.0011445726,"5":0.0001962281,"6":0.0003253219,"7":0.0009061639,"8":0.0001335339,"9":0.0000332851,"10":0.0000449688,"11":0.0002237099,"12":0.0000442947,"13":0.0001022314,"14":0.0000978854},"tp":{"0":853.0,"1":920.0,"2":912.0,"3":926.0,"4":929.0,"5":923.0,"6":925.0,"7":916.0,"8":937.0,"9":923.0,"10":922.0,"11":913.0,"12":925.0,"13":935.0,"14":918.0},"fp":{"0":69.0,"1":8.0,"2":1.0,"3":0.0,"4":0.0,"5":0.0,"6":0.0,"7":0.0,"8":0.0,"9":0.0,"10":0.0,"11":0.0,"12":0.0,"13":0.0,"14":0.0},"tn":{"0":861.0,"1":925.0,"2":939.0,"3":930.0,"4":927.0,"5":933.0,"6":931.0,"7":940.0,"8":919.0,"9":933.0,"10":934.0,"11":943.0,"12":931.0,"13":921.0,"14":938.0},"fn":{"0":73.0,"1":3.0,"2":4.0,"3":0.0,"4":0.0,"5":0.0,"6":0.0,"7":0.0,"8":0.0,"9":0.0,"10":0.0,"11":0.0,"12":0.0,"13":0.0,"14":0.0},"accuracy":{"0":0.9234913588,"1":0.9940732718,"2":0.9973060489,"3":1.0,"4":1.0,"5":1.0,"6":1.0,"7":1.0,"8":1.0,"9":1.0,"10":1.0,"11":1.0,"12":1.0,"13":1.0,"14":1.0},"precision":{"0":0.925162673,"1":0.9913793206,"2":0.998904705,"3":1.0,"4":1.0,"5":1.0,"6":1.0,"7":1.0,"8":1.0,"9":1.0,"10":1.0,"11":1.0,"12":1.0,"13":1.0,"14":1.0},"recall":{"0":0.9211663008,"1":0.9967497587,"2":0.9956331849,"3":1.0,"4":1.0,"5":1.0,"6":1.0,"7":1.0,"8":1.0,"9":1.0,"10":1.0,"11":1.0,"12":1.0,"13":1.0,"14":1.0},"auc":{"0":0.9563320279,"1":0.9987105727,"2":0.9993995428,"3":1.0,"4":0.9999999404,"5":1.0,"6":1.0,"7":0.9999999404,"8":1.0,"9":1.0,"10":1.0,"11":0.9999999404,"12":1.0,"13":1.0,"14":1.0},"val_loss":{"0":0.776491046,"1":0.5805974603,"2":0.3278442919,"3":0.141958639,"4":0.0758803189,"5":0.0338677205,"6":0.0448795632,"7":0.0757318437,"8":0.1266698986,"9":0.0838964283,"10":0.0806327239,"11":0.0821984112,"12":0.0965400189,"13":0.0484521799,"14":0.0674475133},"val_tp":{"0":70.0,"1":20.0,"2":66.0,"3":66.0,"4":67.0,"5":67.0,"6":73.0,"7":70.0,"8":64.0,"9":65.0,"10":64.0,"11":65.0,"12":62.0,"13":70.0,"14":67.0},"val_fp":{"0":74.0,"1":1.0,"2":6.0,"3":7.0,"4":0.0,"5":0.0,"6":0.0,"7":0.0,"8":0.0,"9":0.0,"10":0.0,"11":0.0,"12":0.0,"13":0.0,"14":0.0},"val_tn":{"0":0.0,"1":76.0,"2":70.0,"3":69.0,"4":73.0,"5":75.0,"6":69.0,"7":71.0,"8":73.0,"9":75.0,"10":76.0,"11":75.0,"12":78.0,"13":71.0,"14":73.0},"val_fn":{"0":0.0,"1":47.0,"2":2.0,"3":2.0,"4":4.0,"5":2.0,"6":2.0,"7":3.0,"8":7.0,"9":4.0,"10":4.0,"11":4.0,"12":4.0,"13":3.0,"14":4.0},"val_accuracy":{"0":0.4861111045,"1":0.6666666865,"2":0.944444418,"3":0.9375,"4":0.972222209,"5":0.9861111045,"6":0.9861111045,"7":0.9791666865,"8":0.9513888955,"9":0.972222209,"10":0.972222209,"11":0.972222209,"12":0.972222209,"13":0.9791666865,"14":0.972222209},"val_precision":{"0":0.4861111045,"1":0.9523809552,"2":0.9166666865,"3":0.9041095972,"4":1.0,"5":1.0,"6":1.0,"7":1.0,"8":1.0,"9":1.0,"10":1.0,"11":1.0,"12":1.0,"13":1.0,"14":1.0},"val_recall":{"0":1.0,"1":0.298507452,"2":0.9705882072,"3":0.9705882072,"4":0.9436619878,"5":0.9710144997,"6":0.9733333588,"7":0.9589040875,"8":0.9014084339,"9":0.9420289993,"10":0.9411764741,"11":0.9420289993,"12":0.9393939376,"13":0.9589040875,"14":0.9436619878},"val_auc":{"0":0.6250000596,"1":0.8878658414,"2":0.9899380803,"3":0.9936145544,"4":0.9996140599,"5":0.9992271066,"6":1.0,"7":0.9994212389,"8":0.9996141195,"9":0.9996135235,"10":0.999612987,"11":0.9996135235,"12":0.9996114969,"13":0.9999035001,"14":1.0}}