{"loss":{"0":0.6553123593,"1":0.107373096,"2":0.0571960285,"3":0.0297301523,"4":0.0667522848,"5":0.0266465303,"6":0.0145003814,"7":0.0032281522,"8":0.0035783823,"9":0.0002888059,"10":0.0002245193,"11":0.0001769553,"12":0.0000865158,"13":0.0170513336,"14":0.0171382483},"tp":{"0":791.0,"1":891.0,"2":902.0,"3":914.0,"4":900.0,"5":911.0,"6":931.0,"7":922.0,"8":933.0,"9":897.0,"10":943.0,"11":910.0,"12":932.0,"13":921.0,"14":915.0},"fp":{"0":145.0,"1":38.0,"2":17.0,"3":11.0,"4":25.0,"5":9.0,"6":3.0,"7":1.0,"8":0.0,"9":0.0,"10":0.0,"11":0.0,"12":0.0,"13":4.0,"14":2.0},"tn":{"0":786.0,"1":895.0,"2":917.0,"3":919.0,"4":908.0,"5":927.0,"6":920.0,"7":932.0,"8":921.0,"9":959.0,"10":913.0,"11":946.0,"12":924.0,"13":925.0,"14":931.0},"fn":{"0":134.0,"1":32.0,"2":20.0,"3":12.0,"4":23.0,"5":9.0,"6":2.0,"7":1.0,"8":2.0,"9":0.0,"10":0.0,"11":0.0,"12":0.0,"13":6.0,"14":8.0},"accuracy":{"0":0.8496767282,"1":0.9622845054,"2":0.9800646305,"3":0.9876077771,"4":0.9741379023,"5":0.9903017282,"6":0.9973060489,"7":0.9989224076,"8":0.9989224076,"9":1.0,"10":1.0,"11":1.0,"12":1.0,"13":0.9946120977,"14":0.9946120977},"precision":{"0":0.8450854421,"1":0.9590957761,"2":0.9815016389,"3":0.9881080985,"4":0.9729729891,"5":0.9902173877,"6":0.9967880249,"7":0.9989165664,"8":1.0,"9":1.0,"10":1.0,"11":1.0,"12":1.0,"13":0.995675683,"14":0.9978189468},"recall":{"0":0.8551351428,"1":0.9653304219,"2":0.978308022,"3":0.9870410562,"4":0.975081265,"5":0.9902173877,"6":0.9978563786,"7":0.9989165664,"8":0.9978609681,"9":1.0,"10":1.0,"11":1.0,"12":1.0,"13":0.9935275316,"14":0.9913325906},"auc":{"0":0.9068876505,"1":0.9917773604,"2":0.9970057607,"3":0.9994564652,"4":0.9962898493,"5":0.9995773435,"6":0.9993560314,"7":0.9999976754,"8":0.9999913573,"9":0.9999999404,"10":1.0,"11":1.0,"12":1.0,"13":0.9993317127,"14":0.9998217821},"val_loss":{"0":1.0537011623,"1":2.2012732029,"2":1.1788847446,"3":1.3243350983,"4":0.1181013212,"5":0.0047078864,"6":0.005390041,"7":0.0022080753,"8":0.0074524209,"9":0.003780483,"10":0.003154981,"11":0.0022040764,"12":0.0021144929,"13":0.0252215378,"14":0.0024622751},"val_tp":{"0":68.0,"1":72.0,"2":67.0,"3":72.0,"4":68.0,"5":71.0,"6":73.0,"7":71.0,"8":69.0,"9":72.0,"10":69.0,"11":72.0,"12":72.0,"13":71.0,"14":72.0},"val_fp":{"0":76.0,"1":72.0,"2":67.0,"3":56.0,"4":0.0,"5":0.0,"6":0.0,"7":0.0,"8":0.0,"9":0.0,"10":0.0,"11":0.0,"12":0.0,"13":0.0,"14":0.0},"val_tn":{"0":0.0,"1":0.0,"2":10.0,"3":16.0,"4":71.0,"5":73.0,"6":71.0,"7":73.0,"8":74.0,"9":72.0,"10":75.0,"11":72.0,"12":72.0,"13":72.0,"14":72.0},"val_fn":{"0":0.0,"1":0.0,"2":0.0,"3":0.0,"4":5.0,"5":0.0,"6":0.0,"7":0.0,"8":1.0,"9":0.0,"10":0.0,"11":0.0,"12":0.0,"13":1.0,"14":0.0},"val_accuracy":{"0":0.472222209,"1":0.5,"2":0.534722209,"3":0.6111111045,"4":0.965277791,"5":1.0,"6":1.0,"7":1.0,"8":0.993055582,"9":1.0,"10":1.0,"11":1.0,"12":1.0,"13":0.993055582,"14":1.0},"val_precision":{"0":0.472222209,"1":0.5,"2":0.5,"3":0.5625,"4":1.0,"5":1.0,"6":1.0,"7":1.0,"8":1.0,"9":1.0,"10":1.0,"11":1.0,"12":1.0,"13":1.0,"14":1.0},"val_recall":{"0":1.0,"1":1.0,"2":1.0,"3":1.0,"4":0.9315068722,"5":1.0,"6":1.0,"7":1.0,"8":0.9857142568,"9":1.0,"10":1.0,"11":1.0,"12":1.0,"13":0.9861111045,"14":1.0},"val_auc":{"0":0.5709171891,"1":0.6922261119,"2":0.977999568,"3":0.965277791,"4":0.9922825098,"5":1.0,"6":1.0,"7":1.0,"8":1.0,"9":1.0,"10":1.0,"11":1.0,"12":1.0,"13":1.0,"14":1.0}}