{"loss":{"0":0.1932883859,"1":0.0308133569,"2":0.0466761179,"3":0.0265500676,"4":0.0265182387,"5":0.0014783646,"6":0.0002599393,"7":0.0001237423,"8":0.0000477136,"9":0.0004297793,"10":0.0000339971,"11":0.0000491159,"12":0.0000169641,"13":0.0000133839,"14":0.000023004},"tp":{"0":882.0,"1":923.0,"2":910.0,"3":923.0,"4":903.0,"5":932.0,"6":927.0,"7":919.0,"8":923.0,"9":928.0,"10":910.0,"11":930.0,"12":921.0,"13":931.0,"14":921.0},"fp":{"0":37.0,"1":5.0,"2":7.0,"3":5.0,"4":4.0,"5":1.0,"6":0.0,"7":0.0,"8":0.0,"9":0.0,"10":0.0,"11":0.0,"12":0.0,"13":0.0,"14":0.0},"tn":{"0":900.0,"1":922.0,"2":929.0,"3":924.0,"4":943.0,"5":923.0,"6":929.0,"7":937.0,"8":933.0,"9":928.0,"10":946.0,"11":926.0,"12":935.0,"13":925.0,"14":935.0},"fn":{"0":37.0,"1":6.0,"2":10.0,"3":4.0,"4":6.0,"5":0.0,"6":0.0,"7":0.0,"8":0.0,"9":0.0,"10":0.0,"11":0.0,"12":0.0,"13":0.0,"14":0.0},"accuracy":{"0":0.9601293206,"1":0.9940732718,"2":0.9908404946,"3":0.9951508641,"4":0.9946120977,"5":0.9994612336,"6":1.0,"7":1.0,"8":1.0,"9":1.0,"10":1.0,"11":1.0,"12":1.0,"13":1.0,"14":1.0},"precision":{"0":0.9597388506,"1":0.9946120977,"2":0.9923664331,"3":0.9946120977,"4":0.9955898523,"5":0.9989281893,"6":1.0,"7":1.0,"8":1.0,"9":1.0,"10":1.0,"11":1.0,"12":1.0,"13":1.0,"14":1.0},"recall":{"0":0.9597388506,"1":0.9935414195,"2":0.9891304374,"3":0.9956849813,"4":0.993399322,"5":1.0,"6":1.0,"7":1.0,"8":1.0,"9":1.0,"10":1.0,"11":1.0,"12":1.0,"13":1.0,"14":1.0},"auc":{"0":0.9871351123,"1":0.9987413287,"2":0.9975787401,"3":0.9988852739,"4":0.9988511205,"5":0.9999998808,"6":0.9999999404,"7":0.9999999404,"8":1.0,"9":1.0,"10":1.0,"11":1.0,"12":1.0,"13":1.0,"14":1.0},"val_loss":{"0":0.5844464898,"1":1.0028014183,"2":0.2800858021,"3":0.8631112576,"4":0.037597701,"5":0.0081727887,"6":0.0012148455,"7":0.0019466768,"8":0.0022371451,"9":0.0046152561,"10":0.0032897005,"11":0.0053863674,"12":0.0001662149,"13":0.0001197894,"14":0.0107518565},"val_tp":{"0":21.0,"1":11.0,"2":62.0,"3":44.0,"4":72.0,"5":70.0,"6":71.0,"7":73.0,"8":72.0,"9":71.0,"10":70.0,"11":73.0,"12":70.0,"13":74.0,"14":70.0},"val_fp":{"0":0.0,"1":0.0,"2":4.0,"3":0.0,"4":0.0,"5":0.0,"6":0.0,"7":0.0,"8":0.0,"9":0.0,"10":0.0,"11":0.0,"12":0.0,"13":0.0,"14":0.0},"val_tn":{"0":75.0,"1":74.0,"2":67.0,"3":72.0,"4":72.0,"5":73.0,"6":73.0,"7":71.0,"8":72.0,"9":73.0,"10":74.0,"11":70.0,"12":74.0,"13":70.0,"14":72.0},"val_fn":{"0":48.0,"1":59.0,"2":11.0,"3":28.0,"4":0.0,"5":1.0,"6":0.0,"7":0.0,"8":0.0,"9":0.0,"10":0.0,"11":1.0,"12":0.0,"13":0.0,"14":2.0},"val_accuracy":{"0":0.6666666865,"1":0.590277791,"2":0.8958333135,"3":0.805555582,"4":1.0,"5":0.993055582,"6":1.0,"7":1.0,"8":1.0,"9":1.0,"10":1.0,"11":0.993055582,"12":1.0,"13":1.0,"14":0.9861111045},"val_precision":{"0":1.0,"1":1.0,"2":0.9393939376,"3":1.0,"4":1.0,"5":1.0,"6":1.0,"7":1.0,"8":1.0,"9":1.0,"10":1.0,"11":1.0,"12":1.0,"13":1.0,"14":1.0},"val_recall":{"0":0.3043478131,"1":0.1571428627,"2":0.8493150473,"3":0.6111111045,"4":1.0,"5":0.985915482,"6":1.0,"7":1.0,"8":1.0,"9":1.0,"10":1.0,"11":0.9864864945,"12":1.0,"13":1.0,"14":0.972222209},"val_auc":{"0":0.90734303,"1":0.8833011985,"2":0.9675863981,"3":0.930555582,"4":1.0,"5":1.0,"6":1.0,"7":1.0,"8":1.0,"9":1.0,"10":1.0,"11":1.0,"12":1.0,"13":1.0,"14":1.0}}