{"loss":{"0":0.3811746538,"1":0.0262846164,"2":0.0072093364,"3":0.0078301309,"4":0.001279216,"5":0.0006889861,"6":0.0002019374,"7":0.0002629865,"8":0.0005071055,"9":0.0043256339,"10":0.0102839135,"11":0.0167666059,"12":0.018415086,"13":0.0265990347,"14":0.0019317259},"tp":{"0":861.0,"1":923.0,"2":920.0,"3":920.0,"4":916.0,"5":940.0,"6":915.0,"7":922.0,"8":925.0,"9":923.0,"10":911.0,"11":929.0,"12":909.0,"13":917.0,"14":920.0},"fp":{"0":53.0,"1":9.0,"2":2.0,"3":2.0,"4":1.0,"5":0.0,"6":0.0,"7":0.0,"8":0.0,"9":1.0,"10":4.0,"11":6.0,"12":3.0,"13":6.0,"14":2.0},"tn":{"0":880.0,"1":922.0,"2":932.0,"3":933.0,"4":939.0,"5":916.0,"6":941.0,"7":934.0,"8":931.0,"9":931.0,"10":939.0,"11":918.0,"12":937.0,"13":931.0,"14":933.0},"fn":{"0":62.0,"1":2.0,"2":2.0,"3":1.0,"4":0.0,"5":0.0,"6":0.0,"7":0.0,"8":0.0,"9":1.0,"10":2.0,"11":3.0,"12":7.0,"13":2.0,"14":1.0},"accuracy":{"0":0.9380387664,"1":0.9940732718,"2":0.9978448153,"3":0.9983836412,"4":0.9994612336,"5":1.0,"6":1.0,"7":1.0,"8":1.0,"9":0.9989224076,"10":0.9967672229,"11":0.9951508641,"12":0.9946120977,"13":0.9956896305,"14":0.9983836412},"precision":{"0":0.9420131445,"1":0.9903433323,"2":0.9978308082,"3":0.9978308082,"4":0.9989094734,"5":1.0,"6":1.0,"7":1.0,"8":1.0,"9":0.9989177585,"10":0.9956284165,"11":0.9935829043,"12":0.9967105389,"13":0.9934994578,"14":0.9978308082},"recall":{"0":0.9328277111,"1":0.9978378415,"2":0.9978308082,"3":0.9989142418,"4":1.0,"5":1.0,"6":1.0,"7":1.0,"8":1.0,"9":0.9989177585,"10":0.9978094101,"11":0.9967811108,"12":0.9923580885,"13":0.9978237152,"14":0.9989142418},"auc":{"0":0.9673584104,"1":0.9985077381,"2":0.999969244,"3":0.9994078875,"4":0.9999999404,"5":1.0,"6":0.9999999404,"7":1.0,"8":1.0,"9":0.9999860525,"10":0.9993872643,"11":0.9993885756,"12":0.9988165498,"13":0.9982811809,"14":0.999997735},"val_loss":{"0":1.7610516548,"1":2.5256023407,"2":3.383795023,"3":1.0814071894,"4":0.0100734597,"5":0.0001696501,"6":0.0000530314,"7":0.0002250714,"8":0.0000664393,"9":0.7299115658,"10":19.9849643707,"11":6.9928965569,"12":0.1284755319,"13":27.0324287415,"14":0.0289661512},"val_tp":{"0":70.0,"1":72.0,"2":71.0,"3":74.0,"4":70.0,"5":70.0,"6":74.0,"7":68.0,"8":69.0,"9":39.0,"10":0.0,"11":6.0,"12":74.0,"13":0.0,"14":67.0},"val_fp":{"0":74.0,"1":72.0,"2":72.0,"3":35.0,"4":1.0,"5":0.0,"6":0.0,"7":0.0,"8":0.0,"9":0.0,"10":0.0,"11":0.0,"12":0.0,"13":0.0,"14":0.0},"val_tn":{"0":0.0,"1":0.0,"2":1.0,"3":35.0,"4":73.0,"5":74.0,"6":70.0,"7":76.0,"8":75.0,"9":70.0,"10":69.0,"11":73.0,"12":69.0,"13":73.0,"14":76.0},"val_fn":{"0":0.0,"1":0.0,"2":0.0,"3":0.0,"4":0.0,"5":0.0,"6":0.0,"7":0.0,"8":0.0,"9":35.0,"10":75.0,"11":65.0,"12":1.0,"13":71.0,"14":1.0},"val_accuracy":{"0":0.4861111045,"1":0.5,"2":0.5,"3":0.756944418,"4":0.993055582,"5":1.0,"6":1.0,"7":1.0,"8":1.0,"9":0.756944418,"10":0.4791666567,"11":0.5486111045,"12":0.993055582,"13":0.506944418,"14":0.993055582},"val_precision":{"0":0.4861111045,"1":0.5,"2":0.4965035021,"3":0.6788991094,"4":0.985915482,"5":1.0,"6":1.0,"7":1.0,"8":1.0,"9":1.0,"10":0.0,"11":1.0,"12":1.0,"13":0.0,"14":1.0},"val_recall":{"0":1.0,"1":1.0,"2":1.0,"3":1.0,"4":1.0,"5":1.0,"6":1.0,"7":1.0,"8":1.0,"9":0.5270270109,"10":0.0,"11":0.0845070407,"12":0.9866666794,"13":0.0,"14":0.9852941036},"val_auc":{"0":0.5841698647,"1":0.6439043283,"2":0.5958904028,"3":0.8999999762,"4":0.9999999404,"5":1.0,"6":1.0,"7":1.0,"8":1.0,"9":0.9864864945,"10":0.5133333206,"11":0.6408450603,"12":0.9933333397,"13":0.5,"14":1.0}}