{"loss":{"0":0.8286147118,"1":0.0740275681,"2":0.0456546172,"3":0.0276002698,"4":0.0956975967,"5":0.0183289666,"6":0.0037399256,"7":0.0070778732,"8":0.0026123994,"9":0.0007484236,"10":0.0001302486,"11":0.0047904961,"12":0.0221202765,"13":0.0713232234,"14":0.0104981661},"tp":{"0":727.0,"1":901.0,"2":904.0,"3":913.0,"4":891.0,"5":916.0,"6":927.0,"7":920.0,"8":919.0,"9":922.0,"10":934.0,"11":906.0,"12":924.0,"13":913.0,"14":902.0},"fp":{"0":205.0,"1":24.0,"2":17.0,"3":9.0,"4":33.0,"5":4.0,"6":1.0,"7":4.0,"8":1.0,"9":0.0,"10":0.0,"11":2.0,"12":12.0,"13":22.0,"14":3.0},"tn":{"0":728.0,"1":906.0,"2":918.0,"3":923.0,"4":897.0,"5":931.0,"6":928.0,"7":930.0,"8":935.0,"9":934.0,"10":922.0,"11":946.0,"12":911.0,"13":904.0,"14":948.0},"fn":{"0":196.0,"1":25.0,"2":17.0,"3":11.0,"4":35.0,"5":5.0,"6":0.0,"7":2.0,"8":1.0,"9":0.0,"10":0.0,"11":2.0,"12":9.0,"13":17.0,"14":3.0},"accuracy":{"0":0.7839439511,"1":0.9735991359,"2":0.9816810489,"3":0.9892241359,"4":0.9633620977,"5":0.9951508641,"6":0.9994612336,"7":0.9967672229,"8":0.9989224076,"9":1.0,"10":1.0,"11":0.9978448153,"12":0.9886853695,"13":0.9789870977,"14":0.9967672229},"precision":{"0":0.7800429463,"1":0.9740540385,"2":0.9815418124,"3":0.9902386069,"4":0.9642857313,"5":0.9956521988,"6":0.9989224076,"7":0.9956709743,"8":0.9989130497,"9":1.0,"10":1.0,"11":0.99779737,"12":0.9871794581,"13":0.9764705896,"14":0.9966850877},"recall":{"0":0.7876489758,"1":0.9730021358,"2":0.9815418124,"3":0.9880952239,"4":0.9622030258,"5":0.9945710897,"6":1.0,"7":0.9978308082,"8":0.9989130497,"9":1.0,"10":1.0,"11":0.99779737,"12":0.9903537035,"13":0.9817204475,"14":0.9966850877},"auc":{"0":0.8361150622,"1":0.9961297512,"2":0.9983388186,"3":0.9994984269,"4":0.994684577,"5":0.9997839928,"6":0.9999988675,"7":0.9999751449,"8":0.9999988079,"9":1.0,"10":1.0,"11":0.9999860525,"12":0.9997451901,"13":0.9956065416,"14":0.999928534},"val_loss":{"0":1.472946763,"1":2.8271076679,"2":3.0055799484,"3":1.6598474979,"4":0.0984601229,"5":0.458317697,"6":0.3015854061,"7":0.0192337483,"8":0.0033141787,"9":0.0527666435,"10":0.0584142022,"11":1.1735049486,"12":7.6784038544,"13":0.640354991,"14":0.214689374},"val_tp":{"0":70.0,"1":68.0,"2":68.0,"3":71.0,"4":68.0,"5":56.0,"6":63.0,"7":72.0,"8":70.0,"9":69.0,"10":70.0,"11":47.0,"12":74.0,"13":57.0,"14":65.0},"val_fp":{"0":74.0,"1":76.0,"2":76.0,"3":51.0,"4":2.0,"5":0.0,"6":0.0,"7":0.0,"8":0.0,"9":0.0,"10":0.0,"11":0.0,"12":70.0,"13":0.0,"14":0.0},"val_tn":{"0":0.0,"1":0.0,"2":0.0,"3":22.0,"4":70.0,"5":72.0,"6":72.0,"7":71.0,"8":74.0,"9":72.0,"10":71.0,"11":74.0,"12":0.0,"13":71.0,"14":73.0},"val_fn":{"0":0.0,"1":0.0,"2":0.0,"3":0.0,"4":4.0,"5":16.0,"6":9.0,"7":1.0,"8":0.0,"9":3.0,"10":3.0,"11":23.0,"12":0.0,"13":16.0,"14":6.0},"val_accuracy":{"0":0.4861111045,"1":0.472222209,"2":0.472222209,"3":0.6458333135,"4":0.9583333135,"5":0.8888888955,"6":0.9375,"7":0.993055582,"8":1.0,"9":0.9791666865,"10":0.9791666865,"11":0.840277791,"12":0.5138888955,"13":0.8888888955,"14":0.9583333135},"val_precision":{"0":0.4861111045,"1":0.472222209,"2":0.472222209,"3":0.5819672346,"4":0.9714285731,"5":1.0,"6":1.0,"7":1.0,"8":1.0,"9":1.0,"10":1.0,"11":1.0,"12":0.5138888955,"13":1.0,"14":1.0},"val_recall":{"0":1.0,"1":1.0,"2":1.0,"3":1.0,"4":0.944444418,"5":0.777777791,"6":0.875,"7":0.9863013625,"8":1.0,"9":0.9583333135,"10":0.9589040875,"11":0.6714285612,"12":1.0,"13":0.7808219194,"14":0.9154929519},"val_auc":{"0":0.6094595194,"1":0.6013931632,"2":0.6440595984,"3":0.8879027367,"4":0.9969136715,"5":0.9646990895,"6":0.972222209,"7":0.9998070598,"8":1.0,"9":1.0,"10":0.9931507111,"11":0.8999999762,"12":0.5,"13":0.9498359561,"14":0.9788732529}}