{"loss":{"0":0.1905485988,"1":0.0337672755,"2":0.037584234,"3":0.0025033127,"4":0.0001338676,"5":0.0000877893,"6":0.0000429063,"7":0.0000480466,"8":0.0019653069,"9":0.0463119112,"10":0.0660148934,"11":0.00803243,"12":0.0013107301,"13":0.0001176642,"14":0.0000168579},"tp":{"0":888.0,"1":918.0,"2":917.0,"3":934.0,"4":916.0,"5":920.0,"6":931.0,"7":911.0,"8":922.0,"9":908.0,"10":921.0,"11":912.0,"12":923.0,"13":907.0,"14":935.0},"fp":{"0":37.0,"1":5.0,"2":2.0,"3":1.0,"4":0.0,"5":0.0,"6":0.0,"7":0.0,"8":1.0,"9":11.0,"10":5.0,"11":2.0,"12":1.0,"13":0.0,"14":0.0},"tn":{"0":898.0,"1":927.0,"2":934.0,"3":920.0,"4":940.0,"5":936.0,"6":925.0,"7":945.0,"8":932.0,"9":924.0,"10":924.0,"11":940.0,"12":932.0,"13":949.0,"14":921.0},"fn":{"0":33.0,"1":6.0,"2":3.0,"3":1.0,"4":0.0,"5":0.0,"6":0.0,"7":0.0,"8":1.0,"9":13.0,"10":6.0,"11":2.0,"12":0.0,"13":0.0,"14":0.0},"accuracy":{"0":0.9622845054,"1":0.9940732718,"2":0.9973060489,"3":0.9989224076,"4":1.0,"5":1.0,"6":1.0,"7":1.0,"8":0.9989224076,"9":0.9870689511,"10":0.9940732718,"11":0.9978448153,"12":0.9994612336,"13":1.0,"14":1.0},"precision":{"0":0.9599999785,"1":0.9945828915,"2":0.9978237152,"3":0.9989304543,"4":1.0,"5":1.0,"6":1.0,"7":1.0,"8":0.9989165664,"9":0.9880304933,"10":0.9946004152,"11":0.9978117943,"12":0.9989177585,"13":1.0,"14":1.0},"recall":{"0":0.964169383,"1":0.9935064912,"2":0.9967391491,"3":0.9989304543,"4":1.0,"5":1.0,"6":1.0,"7":1.0,"8":0.9989165664,"9":0.9858849049,"10":0.9935275316,"11":0.9978117943,"12":1.0,"13":1.0,"14":1.0},"auc":{"0":0.9871704578,"1":0.9987824559,"2":0.9983278513,"3":0.9999965429,"4":1.0,"5":1.0,"6":1.0,"7":1.0,"8":0.9999988675,"9":0.9978483319,"10":0.9977060556,"11":0.9994553328,"12":0.9999976754,"13":1.0,"14":1.0},"val_loss":{"0":0.6293354034,"1":0.3677679002,"2":0.840460062,"3":0.2301692665,"4":0.2483220696,"5":0.222687006,"6":0.2809370756,"7":0.3639531732,"8":0.2812223136,"9":1.0580357313,"10":0.4292382598,"11":0.3054986894,"12":0.677151978,"13":0.6543071866,"14":0.5078644753},"val_tp":{"0":38.0,"1":52.0,"2":76.0,"3":62.0,"4":68.0,"5":65.0,"6":62.0,"7":64.0,"8":64.0,"9":62.0,"10":63.0,"11":67.0,"12":59.0,"13":65.0,"14":62.0},"val_fp":{"0":38.0,"1":1.0,"2":45.0,"3":7.0,"4":0.0,"5":0.0,"6":0.0,"7":0.0,"8":0.0,"9":0.0,"10":1.0,"11":0.0,"12":0.0,"13":0.0,"14":0.0},"val_tn":{"0":35.0,"1":73.0,"2":23.0,"3":65.0,"4":67.0,"5":72.0,"6":74.0,"7":70.0,"8":72.0,"9":74.0,"10":70.0,"11":69.0,"12":72.0,"13":70.0,"14":74.0},"val_fn":{"0":33.0,"1":18.0,"2":0.0,"3":10.0,"4":9.0,"5":7.0,"6":8.0,"7":10.0,"8":8.0,"9":8.0,"10":10.0,"11":8.0,"12":13.0,"13":9.0,"14":8.0},"val_accuracy":{"0":0.506944418,"1":0.868055582,"2":0.6875,"3":0.881944418,"4":0.9375,"5":0.9513888955,"6":0.944444418,"7":0.930555582,"8":0.944444418,"9":0.944444418,"10":0.9236111045,"11":0.944444418,"12":0.909722209,"13":0.9375,"14":0.944444418},"val_precision":{"0":0.5,"1":0.9811320901,"2":0.6280992031,"3":0.8985507488,"4":1.0,"5":1.0,"6":1.0,"7":1.0,"8":1.0,"9":1.0,"10":0.984375,"11":1.0,"12":1.0,"13":1.0,"14":1.0},"val_recall":{"0":0.5352112651,"1":0.7428571582,"2":1.0,"3":0.8611111045,"4":0.8831169009,"5":0.902777791,"6":0.8857142925,"7":0.8648648858,"8":0.8888888955,"9":0.8857142925,"10":0.8630136847,"11":0.8933333158,"12":0.819444418,"13":0.8783783913,"14":0.8857142925},"val_auc":{"0":0.6269534826,"1":0.9449806213,"2":0.9599457979,"3":0.9662422538,"4":0.9895328283,"5":0.9939236045,"6":0.9938223958,"7":0.9922779799,"8":0.9938271642,"9":0.9428571463,"10":0.9257186651,"11":0.9458937049,"12":0.930555582,"13":0.9391891956,"14":0.9428571463}}