{"loss":{"0":0.8499218225,"1":0.0204807743,"2":0.0019287193,"3":0.0034760502,"4":0.0023912506,"5":0.0004419876,"6":0.0004627939,"7":0.0002269077,"8":0.0001358967,"9":0.0001556311,"10":0.0001727157,"11":0.0002021288,"12":0.0001155224,"13":0.0000693707,"14":0.0003331522},"tp":{"0":826.0,"1":915.0,"2":920.0,"3":920.0,"4":926.0,"5":921.0,"6":935.0,"7":913.0,"8":927.0,"9":903.0,"10":937.0,"11":927.0,"12":940.0,"13":898.0,"14":943.0},"fp":{"0":93.0,"1":7.0,"2":0.0,"3":2.0,"4":1.0,"5":0.0,"6":0.0,"7":0.0,"8":0.0,"9":0.0,"10":0.0,"11":0.0,"12":0.0,"13":0.0,"14":0.0},"tn":{"0":841.0,"1":929.0,"2":936.0,"3":933.0,"4":928.0,"5":935.0,"6":921.0,"7":943.0,"8":929.0,"9":953.0,"10":919.0,"11":929.0,"12":916.0,"13":958.0,"14":913.0},"fn":{"0":96.0,"1":5.0,"2":0.0,"3":1.0,"4":1.0,"5":0.0,"6":0.0,"7":0.0,"8":0.0,"9":0.0,"10":0.0,"11":0.0,"12":0.0,"13":0.0,"14":0.0},"accuracy":{"0":0.898168087,"1":0.9935345054,"2":1.0,"3":0.9983836412,"4":0.9989224076,"5":1.0,"6":1.0,"7":1.0,"8":1.0,"9":1.0,"10":1.0,"11":1.0,"12":1.0,"13":1.0,"14":1.0},"precision":{"0":0.8988030553,"1":0.9924077988,"2":1.0,"3":0.9978308082,"4":0.9989212751,"5":1.0,"6":1.0,"7":1.0,"8":1.0,"9":1.0,"10":1.0,"11":1.0,"12":1.0,"13":1.0,"14":1.0},"recall":{"0":0.8958785534,"1":0.9945651889,"2":1.0,"3":0.9989142418,"4":0.9989212751,"5":1.0,"6":1.0,"7":1.0,"8":1.0,"9":1.0,"10":1.0,"11":1.0,"12":1.0,"13":1.0,"14":1.0},"auc":{"0":0.9375717044,"1":0.999176085,"2":1.0,"3":0.9999966621,"4":0.9999975562,"5":1.0,"6":0.9999999404,"7":0.9999999404,"8":0.9999999404,"9":1.0,"10":1.0,"11":0.9999999404,"12":1.0,"13":1.0,"14":1.0},"val_loss":{"0":0.9352492094,"1":1.0362750292,"2":0.3061748743,"3":0.058703389,"4":0.0082990564,"5":0.10676267,"6":0.0537439398,"7":0.068840377,"8":0.0640841424,"9":0.0739385635,"10":0.1032760441,"11":0.0806553587,"12":0.0716630518,"13":0.0712525249,"14":0.0903370902},"val_tp":{"0":71.0,"1":71.0,"2":72.0,"3":71.0,"4":71.0,"5":71.0,"6":71.0,"7":67.0,"8":74.0,"9":71.0,"10":65.0,"11":71.0,"12":73.0,"13":72.0,"14":66.0},"val_fp":{"0":73.0,"1":73.0,"2":26.0,"3":1.0,"4":0.0,"5":2.0,"6":1.0,"7":1.0,"8":1.0,"9":1.0,"10":2.0,"11":1.0,"12":1.0,"13":1.0,"14":1.0},"val_tn":{"0":0.0,"1":0.0,"2":46.0,"3":72.0,"4":73.0,"5":71.0,"6":71.0,"7":73.0,"8":68.0,"9":70.0,"10":75.0,"11":70.0,"12":69.0,"13":69.0,"14":75.0},"val_fn":{"0":0.0,"1":0.0,"2":0.0,"3":0.0,"4":0.0,"5":0.0,"6":1.0,"7":3.0,"8":1.0,"9":2.0,"10":2.0,"11":2.0,"12":1.0,"13":2.0,"14":2.0},"val_accuracy":{"0":0.4930555522,"1":0.4930555522,"2":0.819444418,"3":0.993055582,"4":1.0,"5":0.9861111045,"6":0.9861111045,"7":0.972222209,"8":0.9861111045,"9":0.9791666865,"10":0.972222209,"11":0.9791666865,"12":0.9861111045,"13":0.9791666865,"14":0.9791666865},"val_precision":{"0":0.4930555522,"1":0.4930555522,"2":0.7346938848,"3":0.9861111045,"4":1.0,"5":0.972602725,"6":0.9861111045,"7":0.9852941036,"8":0.9866666794,"9":0.9861111045,"10":0.9701492786,"11":0.9861111045,"12":0.9864864945,"13":0.9863013625,"14":0.9850746393},"val_recall":{"0":1.0,"1":1.0,"2":1.0,"3":1.0,"4":1.0,"5":1.0,"6":0.9861111045,"7":0.9571428299,"8":0.9866666794,"9":0.972602725,"10":0.9701492786,"11":0.972602725,"12":0.9864864945,"13":0.9729729891,"14":0.9705882072},"val_auc":{"0":0.8587690592,"1":0.961894691,"2":0.9941166043,"3":0.9962378144,"4":1.0,"5":0.9839860797,"6":0.9919946194,"7":0.9919884205,"8":0.9919806719,"9":0.9917036295,"10":0.9852684736,"11":0.99208951,"12":0.991891861,"13":0.9919883609,"14":0.9928405285}}