{"loss":{"0":0.5890848041,"1":0.0133202784,"2":0.0129563268,"3":0.0013849428,"4":0.0003720807,"5":0.0002387478,"6":0.0002544921,"7":0.0001651738,"8":0.0001216174,"9":0.0001962257,"10":0.0001338288,"11":0.0000589202,"12":0.000083711,"13":0.0000816428,"14":0.0000356787},"tp":{"0":841.0,"1":917.0,"2":924.0,"3":927.0,"4":916.0,"5":930.0,"6":918.0,"7":916.0,"8":930.0,"9":919.0,"10":922.0,"11":923.0,"12":934.0,"13":915.0,"14":917.0},"fp":{"0":77.0,"1":5.0,"2":2.0,"3":0.0,"4":0.0,"5":0.0,"6":0.0,"7":0.0,"8":0.0,"9":0.0,"10":0.0,"11":0.0,"12":0.0,"13":0.0,"14":0.0},"tn":{"0":862.0,"1":929.0,"2":928.0,"3":929.0,"4":940.0,"5":926.0,"6":938.0,"7":940.0,"8":926.0,"9":937.0,"10":934.0,"11":933.0,"12":922.0,"13":941.0,"14":939.0},"fn":{"0":76.0,"1":5.0,"2":2.0,"3":0.0,"4":0.0,"5":0.0,"6":0.0,"7":0.0,"8":0.0,"9":0.0,"10":0.0,"11":0.0,"12":0.0,"13":0.0,"14":0.0},"accuracy":{"0":0.9175646305,"1":0.9946120977,"2":0.9978448153,"3":1.0,"4":1.0,"5":1.0,"6":1.0,"7":1.0,"8":1.0,"9":1.0,"10":1.0,"11":1.0,"12":1.0,"13":1.0,"14":1.0},"precision":{"0":0.9161220193,"1":0.9945769906,"2":0.9978401661,"3":1.0,"4":1.0,"5":1.0,"6":1.0,"7":1.0,"8":1.0,"9":1.0,"10":1.0,"11":1.0,"12":1.0,"13":1.0,"14":1.0},"recall":{"0":0.9171210527,"1":0.9945769906,"2":0.9978401661,"3":1.0,"4":1.0,"5":1.0,"6":1.0,"7":1.0,"8":1.0,"9":1.0,"10":1.0,"11":1.0,"12":1.0,"13":1.0,"14":1.0},"auc":{"0":0.9478593469,"1":0.9999025464,"2":0.9993792772,"3":1.0,"4":1.0,"5":1.0,"6":0.9999999404,"7":0.9999999404,"8":1.0,"9":0.9999999404,"10":1.0,"11":1.0,"12":1.0,"13":1.0,"14":1.0},"val_loss":{"0":0.7154895067,"1":0.8274790645,"2":0.6535181999,"3":0.1845099479,"4":0.0034003879,"5":0.0027778037,"6":0.005458618,"7":0.0074510416,"8":0.0030157976,"9":0.0119898915,"10":0.004482436,"11":0.006671546,"12":0.0068869474,"13":0.0098039396,"14":0.0063322214},"val_tp":{"0":72.0,"1":68.0,"2":73.0,"3":74.0,"4":73.0,"5":72.0,"6":74.0,"7":69.0,"8":71.0,"9":75.0,"10":68.0,"11":70.0,"12":74.0,"13":71.0,"14":70.0},"val_fp":{"0":72.0,"1":68.0,"2":40.0,"3":10.0,"4":0.0,"5":0.0,"6":0.0,"7":0.0,"8":0.0,"9":0.0,"10":0.0,"11":0.0,"12":0.0,"13":0.0,"14":0.0},"val_tn":{"0":0.0,"1":8.0,"2":31.0,"3":60.0,"4":71.0,"5":72.0,"6":70.0,"7":74.0,"8":73.0,"9":68.0,"10":76.0,"11":73.0,"12":69.0,"13":73.0,"14":73.0},"val_fn":{"0":0.0,"1":0.0,"2":0.0,"3":0.0,"4":0.0,"5":0.0,"6":0.0,"7":1.0,"8":0.0,"9":1.0,"10":0.0,"11":1.0,"12":1.0,"13":0.0,"14":1.0},"val_accuracy":{"0":0.5,"1":0.527777791,"2":0.722222209,"3":0.930555582,"4":1.0,"5":1.0,"6":1.0,"7":0.993055582,"8":1.0,"9":0.993055582,"10":1.0,"11":0.993055582,"12":0.993055582,"13":1.0,"14":0.993055582},"val_precision":{"0":0.5,"1":0.5,"2":0.6460176706,"3":0.8809523582,"4":1.0,"5":1.0,"6":1.0,"7":1.0,"8":1.0,"9":1.0,"10":1.0,"11":1.0,"12":1.0,"13":1.0,"14":1.0},"val_recall":{"0":1.0,"1":1.0,"2":1.0,"3":1.0,"4":1.0,"5":1.0,"6":1.0,"7":0.9857142568,"8":1.0,"9":0.9868420959,"10":1.0,"11":0.985915482,"12":0.9866666794,"13":1.0,"14":0.985915482},"val_auc":{"0":0.9717400074,"1":0.9986454844,"2":0.9989388585,"3":1.0,"4":1.0,"5":1.0,"6":1.0,"7":1.0,"8":1.0,"9":1.0,"10":1.0,"11":1.0,"12":1.0,"13":1.0,"14":1.0}}