{"loss":{"0":0.7152649164,"1":0.090906553,"2":0.0564894639,"3":0.0299227592,"4":0.0448118299,"5":0.0133790514,"6":0.0166572668,"7":0.0011645284,"8":0.0005799011,"9":0.0016134122,"10":0.0004382572,"11":0.0003575074,"12":0.0007265518,"13":0.0729319528,"14":0.0320152193},"tp":{"0":722.0,"1":897.0,"2":904.0,"3":919.0,"4":915.0,"5":915.0,"6":905.0,"7":945.0,"8":927.0,"9":909.0,"10":930.0,"11":920.0,"12":923.0,"13":888.0,"14":927.0},"fp":{"0":195.0,"1":28.0,"2":18.0,"3":9.0,"4":15.0,"5":4.0,"6":4.0,"7":0.0,"8":0.0,"9":0.0,"10":0.0,"11":0.0,"12":0.0,"13":20.0,"14":11.0},"tn":{"0":740.0,"1":904.0,"2":918.0,"3":921.0,"4":913.0,"5":934.0,"6":945.0,"7":911.0,"8":929.0,"9":946.0,"10":926.0,"11":936.0,"12":933.0,"13":921.0,"14":909.0},"fn":{"0":199.0,"1":27.0,"2":16.0,"3":7.0,"4":13.0,"5":3.0,"6":2.0,"7":0.0,"8":0.0,"9":1.0,"10":0.0,"11":0.0,"12":0.0,"13":27.0,"14":9.0},"accuracy":{"0":0.7877154946,"1":0.9703663588,"2":0.9816810489,"3":0.9913793206,"4":0.9849137664,"5":0.9962284565,"6":0.9967672229,"7":1.0,"8":1.0,"9":0.9994612336,"10":1.0,"11":1.0,"12":1.0,"13":0.9746767282,"14":0.9892241359},"precision":{"0":0.7873500586,"1":0.9697297215,"2":0.9804772139,"3":0.9903017282,"4":0.9838709831,"5":0.9956474304,"6":0.9955995679,"7":1.0,"8":1.0,"9":1.0,"10":1.0,"11":1.0,"12":1.0,"13":0.9779735804,"14":0.9882729053},"recall":{"0":0.7839305401,"1":0.9707792401,"2":0.982608676,"3":0.9924405813,"4":0.9859913588,"5":0.9967319965,"6":0.9977949262,"7":1.0,"8":1.0,"9":0.9989010692,"10":1.0,"11":1.0,"12":1.0,"13":0.9704918265,"14":0.9903846383},"auc":{"0":0.8453111649,"1":0.9949493408,"2":0.997533381,"3":0.9988858104,"4":0.9980618954,"5":0.9999088049,"6":0.9998037219,"7":1.0,"8":0.9999999404,"9":1.0,"10":1.0,"11":1.0,"12":1.0,"13":0.9963879585,"14":0.998893857},"val_loss":{"0":1.2573051453,"1":2.5036222935,"2":3.0211918354,"3":3.6402740479,"4":1.3276107311,"5":1.1284943819,"6":0.8583598137,"7":0.183938846,"8":0.1688845456,"9":0.0378926434,"10":0.1425197124,"11":0.1535616964,"12":0.2352908999,"13":0.7219935656,"14":4.2896213531},"val_tp":{"0":72.0,"1":73.0,"2":73.0,"3":70.0,"4":69.0,"5":73.0,"6":73.0,"7":76.0,"8":71.0,"9":69.0,"10":75.0,"11":70.0,"12":73.0,"13":71.0,"14":8.0},"val_fp":{"0":72.0,"1":71.0,"2":71.0,"3":74.0,"4":44.0,"5":36.0,"6":28.0,"7":6.0,"8":5.0,"9":1.0,"10":3.0,"11":8.0,"12":6.0,"13":29.0,"14":0.0},"val_tn":{"0":0.0,"1":0.0,"2":0.0,"3":0.0,"4":31.0,"5":35.0,"6":43.0,"7":62.0,"8":68.0,"9":74.0,"10":66.0,"11":66.0,"12":65.0,"13":44.0,"14":70.0},"val_fn":{"0":0.0,"1":0.0,"2":0.0,"3":0.0,"4":0.0,"5":0.0,"6":0.0,"7":0.0,"8":0.0,"9":0.0,"10":0.0,"11":0.0,"12":0.0,"13":0.0,"14":66.0},"val_accuracy":{"0":0.5,"1":0.506944418,"2":0.506944418,"3":0.4861111045,"4":0.694444418,"5":0.75,"6":0.805555582,"7":0.9583333135,"8":0.965277791,"9":0.993055582,"10":0.9791666865,"11":0.944444418,"12":0.9583333135,"13":0.7986111045,"14":0.5416666865},"val_precision":{"0":0.5,"1":0.506944418,"2":0.506944418,"3":0.4861111045,"4":0.6106194854,"5":0.6697247624,"6":0.7227723002,"7":0.9268292785,"8":0.9342105389,"9":0.9857142568,"10":0.961538434,"11":0.8974359035,"12":0.9240506291,"13":0.7099999785,"14":1.0},"val_recall":{"0":1.0,"1":1.0,"2":1.0,"3":1.0,"4":1.0,"5":1.0,"6":1.0,"7":1.0,"8":1.0,"9":1.0,"10":1.0,"11":1.0,"12":1.0,"13":1.0,"14":0.1081081107},"val_auc":{"0":0.5111882687,"1":0.5922245979,"2":0.5845070481,"3":0.5540540814,"4":0.9200000167,"5":0.9084507227,"6":0.9295775294,"7":0.9926469922,"8":0.9931507111,"9":0.9994202852,"10":0.9855072498,"11":0.9932432175,"12":0.985915482,"13":0.9672003984,"14":0.6351351142}}