{"loss":{"0":0.4046967328,"1":0.011705176,"2":0.0062270556,"3":0.0081396922,"4":0.0013102869,"5":0.000267832,"6":0.0004365781,"7":0.0002367186,"8":0.0000749871,"9":0.0000647986,"10":0.0002232253,"11":0.0000510673,"12":0.0001693703,"13":0.0001408656,"14":0.0449730009},"tp":{"0":861.0,"1":920.0,"2":924.0,"3":913.0,"4":928.0,"5":923.0,"6":927.0,"7":903.0,"8":932.0,"9":910.0,"10":931.0,"11":922.0,"12":940.0,"13":910.0,"14":919.0},"fp":{"0":73.0,"1":5.0,"2":3.0,"3":2.0,"4":1.0,"5":0.0,"6":0.0,"7":0.0,"8":0.0,"9":0.0,"10":0.0,"11":0.0,"12":0.0,"13":0.0,"14":13.0},"tn":{"0":861.0,"1":930.0,"2":929.0,"3":937.0,"4":927.0,"5":933.0,"6":929.0,"7":953.0,"8":924.0,"9":946.0,"10":925.0,"11":934.0,"12":916.0,"13":946.0,"14":915.0},"fn":{"0":61.0,"1":1.0,"2":0.0,"3":4.0,"4":0.0,"5":0.0,"6":0.0,"7":0.0,"8":0.0,"9":0.0,"10":0.0,"11":0.0,"12":0.0,"13":0.0,"14":9.0},"accuracy":{"0":0.9278017282,"1":0.9967672229,"2":0.9983836412,"3":0.9967672229,"4":0.9994612336,"5":1.0,"6":1.0,"7":1.0,"8":1.0,"9":1.0,"10":1.0,"11":1.0,"12":1.0,"13":1.0,"14":0.9881465435},"precision":{"0":0.9218415618,"1":0.994594574,"2":0.9967637658,"3":0.9978141785,"4":0.9989235997,"5":1.0,"6":1.0,"7":1.0,"8":1.0,"9":1.0,"10":1.0,"11":1.0,"12":1.0,"13":1.0,"14":0.9860514998},"recall":{"0":0.9338395,"1":0.9989142418,"2":1.0,"3":0.9956379533,"4":1.0,"5":1.0,"6":1.0,"7":1.0,"8":1.0,"9":1.0,"10":1.0,"11":1.0,"12":1.0,"13":1.0,"14":0.9903017282},"auc":{"0":0.9712685943,"1":0.9998722076,"2":0.9999296665,"3":0.9999687076,"4":1.0,"5":1.0,"6":0.9999998808,"7":1.0,"8":1.0,"9":1.0,"10":1.0,"11":1.0,"12":1.0,"13":1.0,"14":0.9970267415},"val_loss":{"0":2.1397550106,"1":3.7743787766,"2":1.7786439657,"3":0.1123289019,"4":0.0132026793,"5":0.0000514767,"6":0.0000086442,"7":0.0000302253,"8":0.0000082893,"9":0.0000021922,"10":0.0000042946,"11":0.0000017635,"12":0.0000007992,"13":0.0000130142,"14":15.6058807373},"val_tp":{"0":71.0,"1":69.0,"2":72.0,"3":69.0,"4":72.0,"5":69.0,"6":72.0,"7":70.0,"8":70.0,"9":72.0,"10":72.0,"11":71.0,"12":74.0,"13":71.0,"14":0.0},"val_fp":{"0":73.0,"1":75.0,"2":65.0,"3":6.0,"4":1.0,"5":0.0,"6":0.0,"7":0.0,"8":0.0,"9":0.0,"10":0.0,"11":0.0,"12":0.0,"13":0.0,"14":0.0},"val_tn":{"0":0.0,"1":0.0,"2":7.0,"3":69.0,"4":71.0,"5":75.0,"6":72.0,"7":74.0,"8":74.0,"9":72.0,"10":72.0,"11":73.0,"12":70.0,"13":73.0,"14":74.0},"val_fn":{"0":0.0,"1":0.0,"2":0.0,"3":0.0,"4":0.0,"5":0.0,"6":0.0,"7":0.0,"8":0.0,"9":0.0,"10":0.0,"11":0.0,"12":0.0,"13":0.0,"14":70.0},"val_accuracy":{"0":0.4930555522,"1":0.4791666567,"2":0.5486111045,"3":0.9583333135,"4":0.993055582,"5":1.0,"6":1.0,"7":1.0,"8":1.0,"9":1.0,"10":1.0,"11":1.0,"12":1.0,"13":1.0,"14":0.5138888955},"val_precision":{"0":0.4930555522,"1":0.4791666567,"2":0.5255474448,"3":0.9200000167,"4":0.9863013625,"5":1.0,"6":1.0,"7":1.0,"8":1.0,"9":1.0,"10":1.0,"11":1.0,"12":1.0,"13":1.0,"14":0.0},"val_recall":{"0":1.0,"1":1.0,"2":1.0,"3":1.0,"4":1.0,"5":1.0,"6":1.0,"7":1.0,"8":1.0,"9":1.0,"10":1.0,"11":1.0,"12":1.0,"13":1.0,"14":0.0},"val_auc":{"0":0.5455334783,"1":0.5,"2":0.881944418,"3":0.9933332801,"4":1.0,"5":1.0,"6":1.0,"7":1.0,"8":1.0,"9":1.0,"10":1.0,"11":1.0,"12":1.0,"13":1.0,"14":0.5}}