{"loss":{"0":0.8975513577,"1":0.0262396764,"2":0.0232821256,"3":0.0129963625,"4":0.0045399549,"5":0.0115572838,"6":0.0034268994,"7":0.0037700136,"8":0.0012650455,"9":0.0015332485,"10":0.0064162081,"11":0.0051298435,"12":0.0022579439,"13":0.0014978858,"14":0.0010365125},"tp":{"0":802.0,"1":918.0,"2":919.0,"3":917.0,"4":929.0,"5":914.0,"6":927.0,"7":914.0,"8":930.0,"9":908.0,"10":922.0,"11":933.0,"12":916.0,"13":924.0,"14":918.0},"fp":{"0":107.0,"1":8.0,"2":6.0,"3":4.0,"4":1.0,"5":4.0,"6":1.0,"7":0.0,"8":0.0,"9":0.0,"10":1.0,"11":2.0,"12":0.0,"13":0.0,"14":0.0},"tn":{"0":826.0,"1":925.0,"2":925.0,"3":932.0,"4":926.0,"5":935.0,"6":928.0,"7":941.0,"8":926.0,"9":947.0,"10":931.0,"11":920.0,"12":939.0,"13":932.0,"14":938.0},"fn":{"0":121.0,"1":5.0,"2":6.0,"3":3.0,"4":0.0,"5":3.0,"6":0.0,"7":1.0,"8":0.0,"9":1.0,"10":2.0,"11":1.0,"12":1.0,"13":0.0,"14":0.0},"accuracy":{"0":0.8771551847,"1":0.9929956794,"2":0.9935345054,"3":0.9962284565,"4":0.9994612336,"5":0.9962284565,"6":0.9994612336,"7":0.9994612336,"8":1.0,"9":0.9994612336,"10":0.9983836412,"11":0.9983836412,"12":0.9994612336,"13":1.0,"14":1.0},"precision":{"0":0.8822882175,"1":0.9913606644,"2":0.9935135245,"3":0.9956569076,"4":0.9989247322,"5":0.9956427217,"6":0.9989224076,"7":1.0,"8":1.0,"9":1.0,"10":0.9989165664,"11":0.9978609681,"12":1.0,"13":1.0,"14":1.0},"recall":{"0":0.8689057231,"1":0.9945828915,"2":0.9935135245,"3":0.9967391491,"4":1.0,"5":0.9967284799,"6":1.0,"7":0.9989070892,"8":1.0,"9":0.9988998771,"10":0.9978355169,"11":0.9989293218,"12":0.9989094734,"13":1.0,"14":1.0},"auc":{"0":0.9173184037,"1":0.999370575,"2":0.9996052384,"3":0.9998861551,"4":0.999997735,"5":0.9999342561,"6":0.9999976158,"7":1.0,"8":1.0,"9":1.0,"10":0.9999827147,"11":0.9999884367,"12":0.9999999404,"13":1.0,"14":0.9999999404},"val_loss":{"0":0.9680389762,"1":1.3686403036,"2":0.9655225277,"3":0.1087352484,"4":0.0035227181,"5":0.0011560642,"6":0.0006948079,"7":0.0001768637,"8":0.0011715423,"9":0.0000724392,"10":0.0001609104,"11":0.0008485419,"12":0.0007433255,"13":0.000091956,"14":0.0000537531},"val_tp":{"0":75.0,"1":72.0,"2":69.0,"3":72.0,"4":68.0,"5":74.0,"6":73.0,"7":74.0,"8":76.0,"9":71.0,"10":76.0,"11":73.0,"12":75.0,"13":70.0,"14":75.0},"val_fp":{"0":69.0,"1":72.0,"2":70.0,"3":3.0,"4":0.0,"5":0.0,"6":0.0,"7":0.0,"8":0.0,"9":0.0,"10":0.0,"11":0.0,"12":0.0,"13":0.0,"14":0.0},"val_tn":{"0":0.0,"1":0.0,"2":5.0,"3":69.0,"4":76.0,"5":70.0,"6":71.0,"7":70.0,"8":68.0,"9":73.0,"10":68.0,"11":71.0,"12":69.0,"13":74.0,"14":69.0},"val_fn":{"0":0.0,"1":0.0,"2":0.0,"3":0.0,"4":0.0,"5":0.0,"6":0.0,"7":0.0,"8":0.0,"9":0.0,"10":0.0,"11":0.0,"12":0.0,"13":0.0,"14":0.0},"val_accuracy":{"0":0.5208333135,"1":0.5,"2":0.5138888955,"3":0.9791666865,"4":1.0,"5":1.0,"6":1.0,"7":1.0,"8":1.0,"9":1.0,"10":1.0,"11":1.0,"12":1.0,"13":1.0,"14":1.0},"val_precision":{"0":0.5208333135,"1":0.5,"2":0.4964028895,"3":0.9599999785,"4":1.0,"5":1.0,"6":1.0,"7":1.0,"8":1.0,"9":1.0,"10":1.0,"11":1.0,"12":1.0,"13":1.0,"14":1.0},"val_recall":{"0":1.0,"1":1.0,"2":1.0,"3":1.0,"4":1.0,"5":1.0,"6":1.0,"7":1.0,"8":1.0,"9":1.0,"10":1.0,"11":1.0,"12":1.0,"13":1.0,"14":1.0},"val_auc":{"0":0.7643477917,"1":0.9137731194,"2":1.0,"3":1.0,"4":0.9999999404,"5":1.0,"6":1.0,"7":1.0,"8":1.0,"9":1.0,"10":1.0,"11":1.0,"12":1.0,"13":1.0,"14":1.0}}