{"loss":{"0":0.8380481601,"1":0.116088517,"2":0.0479494408,"3":0.0296114162,"4":0.0166042279,"5":0.0119656101,"6":0.0210148375,"7":0.0015922162,"8":0.0121720396,"9":0.0251808017,"10":0.0167484432,"11":0.006216961,"12":0.0143606262,"13":0.0025603364,"14":0.0037407028},"tp":{"0":746.0,"1":882.0,"2":903.0,"3":917.0,"4":910.0,"5":923.0,"6":918.0,"7":914.0,"8":924.0,"9":912.0,"10":915.0,"11":923.0,"12":911.0,"13":907.0,"14":935.0},"fp":{"0":184.0,"1":43.0,"2":15.0,"3":5.0,"4":5.0,"5":4.0,"6":8.0,"7":0.0,"8":4.0,"9":6.0,"10":7.0,"11":1.0,"12":5.0,"13":2.0,"14":1.0},"tn":{"0":749.0,"1":891.0,"2":921.0,"3":925.0,"4":932.0,"5":924.0,"6":925.0,"7":942.0,"8":925.0,"9":928.0,"10":927.0,"11":930.0,"12":935.0,"13":947.0,"14":917.0},"fn":{"0":177.0,"1":40.0,"2":17.0,"3":9.0,"4":9.0,"5":5.0,"6":5.0,"7":0.0,"8":3.0,"9":10.0,"10":7.0,"11":2.0,"12":5.0,"13":0.0,"14":3.0},"accuracy":{"0":0.8054956794,"1":0.9552801847,"2":0.9827586412,"3":0.992456913,"4":0.992456913,"5":0.9951508641,"6":0.9929956794,"7":1.0,"8":0.9962284565,"9":0.9913793206,"10":0.992456913,"11":0.9983836412,"12":0.9946120977,"13":0.9989224076,"14":0.9978448153},"precision":{"0":0.8021505475,"1":0.9535135031,"2":0.9836601019,"3":0.9945769906,"4":0.9945355058,"5":0.9956849813,"6":0.9913606644,"7":1.0,"8":0.9956896305,"9":0.9934640527,"10":0.9924077988,"11":0.9989177585,"12":0.9945414662,"13":0.9977997541,"14":0.9989316463},"recall":{"0":0.808234036,"1":0.956616044,"2":0.9815217257,"3":0.990280807,"4":0.9902067184,"5":0.9946120977,"6":0.9945828915,"7":1.0,"8":0.9967637658,"9":0.9891540408,"10":0.9924077988,"11":0.9978378415,"12":0.9945414662,"13":1.0,"14":0.996801734},"auc":{"0":0.8530973196,"1":0.9913011789,"2":0.9980513453,"3":0.9988777041,"4":0.9998571277,"5":0.9999210835,"6":0.9991727471,"7":0.9999999404,"8":0.999909997,"9":0.9991180301,"10":0.9998298883,"11":0.9999663234,"12":0.999879241,"13":1.0,"14":0.9999930263},"val_loss":{"0":1.1375098228,"1":1.9033315182,"2":0.2320726663,"3":0.0193369333,"4":0.004653987,"5":0.0195667427,"6":0.0216656737,"7":0.0418215245,"8":0.2359903157,"9":0.0646131784,"10":0.0256909467,"11":0.0316230543,"12":0.0109481029,"13":0.0004314535,"14":0.0465898365},"val_tp":{"0":73.0,"1":72.0,"2":75.0,"3":71.0,"4":70.0,"5":69.0,"6":69.0,"7":71.0,"8":64.0,"9":73.0,"10":70.0,"11":72.0,"12":73.0,"13":74.0,"14":72.0},"val_fp":{"0":71.0,"1":72.0,"2":17.0,"3":0.0,"4":0.0,"5":0.0,"6":0.0,"7":0.0,"8":0.0,"9":3.0,"10":0.0,"11":0.0,"12":1.0,"13":0.0,"14":0.0},"val_tn":{"0":0.0,"1":0.0,"2":52.0,"3":72.0,"4":74.0,"5":74.0,"6":74.0,"7":72.0,"8":69.0,"9":68.0,"10":73.0,"11":70.0,"12":70.0,"13":70.0,"14":70.0},"val_fn":{"0":0.0,"1":0.0,"2":0.0,"3":1.0,"4":0.0,"5":1.0,"6":1.0,"7":1.0,"8":11.0,"9":0.0,"10":1.0,"11":2.0,"12":0.0,"13":0.0,"14":2.0},"val_accuracy":{"0":0.506944418,"1":0.5,"2":0.881944418,"3":0.993055582,"4":1.0,"5":0.993055582,"6":0.993055582,"7":0.993055582,"8":0.9236111045,"9":0.9791666865,"10":0.993055582,"11":0.9861111045,"12":0.993055582,"13":1.0,"14":0.9861111045},"val_precision":{"0":0.506944418,"1":0.5,"2":0.8152173758,"3":1.0,"4":1.0,"5":1.0,"6":1.0,"7":1.0,"8":1.0,"9":0.9605262876,"10":1.0,"11":1.0,"12":0.9864864945,"13":1.0,"14":1.0},"val_recall":{"0":1.0,"1":1.0,"2":1.0,"3":0.9861111045,"4":1.0,"5":0.9857142568,"6":0.9857142568,"7":0.9861111045,"8":0.853333354,"9":1.0,"10":0.985915482,"11":0.9729729891,"12":1.0,"13":1.0,"14":0.9729729891},"val_auc":{"0":0.5670461059,"1":0.8228201866,"2":0.9963284731,"3":1.0,"4":1.0,"5":1.0,"6":1.0,"7":0.993055582,"8":0.9933333397,"9":0.9929578304,"10":0.9994212389,"11":1.0,"12":1.0000001192,"13":1.0,"14":1.0}}