{"loss":{"0":0.2071017176,"1":0.0349940471,"2":0.0004080431,"3":0.0174827855,"4":0.0333155729,"5":0.0164522585,"6":0.0021947012,"7":0.0001231913,"8":0.0000748272,"9":0.0000364128,"10":0.0000457388,"11":0.0000085961,"12":0.0000135766,"13":0.0000077543,"14":0.0000050122},"tp":{"0":883.0,"1":918.0,"2":923.0,"3":905.0,"4":926.0,"5":922.0,"6":921.0,"7":919.0,"8":912.0,"9":934.0,"10":909.0,"11":931.0,"12":932.0,"13":910.0,"14":917.0},"fp":{"0":38.0,"1":9.0,"2":0.0,"3":4.0,"4":4.0,"5":4.0,"6":0.0,"7":0.0,"8":0.0,"9":0.0,"10":0.0,"11":0.0,"12":0.0,"13":0.0,"14":0.0},"tn":{"0":896.0,"1":923.0,"2":933.0,"3":941.0,"4":921.0,"5":924.0,"6":934.0,"7":937.0,"8":944.0,"9":922.0,"10":947.0,"11":925.0,"12":924.0,"13":946.0,"14":939.0},"fn":{"0":39.0,"1":6.0,"2":0.0,"3":6.0,"4":5.0,"5":6.0,"6":1.0,"7":0.0,"8":0.0,"9":0.0,"10":0.0,"11":0.0,"12":0.0,"13":0.0,"14":0.0},"accuracy":{"0":0.9585129023,"1":0.991918087,"2":1.0,"3":0.9946120977,"4":0.9951508641,"5":0.9946120977,"6":0.9994612336,"7":1.0,"8":1.0,"9":1.0,"10":1.0,"11":1.0,"12":1.0,"13":1.0,"14":1.0},"precision":{"0":0.9587404728,"1":0.9902912378,"2":1.0,"3":0.9955995679,"4":0.9956989288,"5":0.9956803322,"6":1.0,"7":1.0,"8":1.0,"9":1.0,"10":1.0,"11":1.0,"12":1.0,"13":1.0,"14":1.0},"recall":{"0":0.9577006698,"1":0.9935064912,"2":1.0,"3":0.993413806,"4":0.9946294427,"5":0.9935345054,"6":0.9989153743,"7":1.0,"8":1.0,"9":1.0,"10":1.0,"11":1.0,"12":1.0,"13":1.0,"14":1.0},"auc":{"0":0.9865070581,"1":0.9971155524,"2":1.0,"3":0.9994058013,"4":0.9983297586,"5":0.9988580346,"6":0.9999964237,"7":1.0,"8":1.0,"9":1.0,"10":0.9999999404,"11":1.0,"12":1.0,"13":1.0,"14":1.0},"val_loss":{"0":0.664668262,"1":0.655179143,"2":0.4617835581,"3":0.0704456717,"4":0.0145075172,"5":0.1114618406,"6":0.0148945255,"7":0.0064813537,"8":0.0047266958,"9":0.0037376273,"10":0.0029080294,"11":0.0025743439,"12":0.0021198541,"13":0.0019733962,"14":0.0018776067},"val_tp":{"0":73.0,"1":73.0,"2":67.0,"3":74.0,"4":69.0,"5":68.0,"6":73.0,"7":67.0,"8":72.0,"9":71.0,"10":70.0,"11":71.0,"12":71.0,"13":75.0,"14":70.0},"val_fp":{"0":71.0,"1":67.0,"2":33.0,"3":3.0,"4":0.0,"5":1.0,"6":1.0,"7":1.0,"8":0.0,"9":0.0,"10":0.0,"11":0.0,"12":0.0,"13":0.0,"14":0.0},"val_tn":{"0":0.0,"1":4.0,"2":44.0,"3":67.0,"4":74.0,"5":72.0,"6":70.0,"7":76.0,"8":72.0,"9":73.0,"10":74.0,"11":73.0,"12":73.0,"13":69.0,"14":74.0},"val_fn":{"0":0.0,"1":0.0,"2":0.0,"3":0.0,"4":1.0,"5":3.0,"6":0.0,"7":0.0,"8":0.0,"9":0.0,"10":0.0,"11":0.0,"12":0.0,"13":0.0,"14":0.0},"val_accuracy":{"0":0.506944418,"1":0.534722209,"2":0.7708333135,"3":0.9791666865,"4":0.993055582,"5":0.972222209,"6":0.993055582,"7":0.993055582,"8":1.0,"9":1.0,"10":1.0,"11":1.0,"12":1.0,"13":1.0,"14":1.0},"val_precision":{"0":0.506944418,"1":0.5214285851,"2":0.6700000167,"3":0.9610389471,"4":1.0,"5":0.9855072498,"6":0.9864864945,"7":0.9852941036,"8":1.0,"9":1.0,"10":1.0,"11":1.0,"12":1.0,"13":1.0,"14":1.0},"val_recall":{"0":1.0,"1":1.0,"2":1.0,"3":1.0,"4":0.9857142568,"5":0.9577465057,"6":1.0,"7":1.0,"8":1.0,"9":1.0,"10":1.0,"11":1.0,"12":1.0,"13":1.0,"14":1.0},"val_auc":{"0":0.803106308,"1":0.9277445078,"2":0.991471231,"3":0.9928571582,"4":1.0,"5":0.9914141893,"6":1.0,"7":1.0,"8":1.0,"9":1.0,"10":1.0,"11":1.0,"12":1.0,"13":1.0,"14":1.0}}