{"loss":{"0":0.4097408354,"1":0.0102102496,"2":0.0158685967,"3":0.0249312278,"4":0.0045261984,"5":0.000184216,"6":0.0005292695,"7":0.0000998884,"8":0.000048155,"9":0.0000978199,"10":0.0000435976,"11":0.000049593,"12":0.0000600532,"13":0.0000128036,"14":0.0000406806},"tp":{"0":935.0,"1":992.0,"2":985.0,"3":997.0,"4":993.0,"5":996.0,"6":983.0,"7":1002.0,"8":986.0,"9":993.0,"10":999.0,"11":991.0,"12":986.0,"13":1004.0,"14":986.0},"fp":{"0":57.0,"1":5.0,"2":7.0,"3":5.0,"4":1.0,"5":0.0,"6":0.0,"7":0.0,"8":0.0,"9":0.0,"10":0.0,"11":0.0,"12":0.0,"13":0.0,"14":0.0},"tn":{"0":952.0,"1":999.0,"2":1003.0,"3":993.0,"4":1006.0,"5":1004.0,"6":1017.0,"7":998.0,"8":1014.0,"9":1007.0,"10":1001.0,"11":1009.0,"12":1014.0,"13":996.0,"14":1014.0},"fn":{"0":56.0,"1":4.0,"2":5.0,"3":5.0,"4":0.0,"5":0.0,"6":0.0,"7":0.0,"8":0.0,"9":0.0,"10":0.0,"11":0.0,"12":0.0,"13":0.0,"14":0.0},"accuracy":{"0":0.9434999824,"1":0.9955000281,"2":0.9940000176,"3":0.9950000048,"4":0.9994999766,"5":1.0,"6":1.0,"7":1.0,"8":1.0,"9":1.0,"10":1.0,"11":1.0,"12":1.0,"13":1.0,"14":1.0},"precision":{"0":0.9425403476,"1":0.9949849844,"2":0.9929435253,"3":0.9950099587,"4":0.9989939928,"5":1.0,"6":1.0,"7":1.0,"8":1.0,"9":1.0,"10":1.0,"11":1.0,"12":1.0,"13":1.0,"14":1.0},"recall":{"0":0.9434913993,"1":0.9959839582,"2":0.9949495196,"3":0.9950099587,"4":1.0,"5":1.0,"6":1.0,"7":1.0,"8":1.0,"9":1.0,"10":1.0,"11":1.0,"12":1.0,"13":1.0,"14":1.0},"auc":{"0":0.9675163627,"1":0.9999145269,"2":0.9993822575,"3":0.9978434443,"4":0.9994935989,"5":1.0,"6":1.0,"7":1.0,"8":1.0,"9":1.0,"10":0.9999999404,"11":1.0,"12":1.0,"13":1.0,"14":1.0}}