{"loss":{"0":0.6414150596,"1":0.0174441151,"2":0.0164738726,"3":0.0013968785,"4":0.0010809414,"5":0.0007485013,"6":0.0037520239,"7":0.011113612,"8":0.009097754,"9":0.002820095,"10":0.0035416631,"11":0.0087178266,"12":0.0004888243,"13":0.0000304738,"14":0.0000380495},"tp":{"0":906.0,"1":991.0,"2":982.0,"3":989.0,"4":1002.0,"5":988.0,"6":999.0,"7":986.0,"8":987.0,"9":991.0,"10":1008.0,"11":980.0,"12":1000.0,"13":992.0,"14":974.0},"fp":{"0":86.0,"1":7.0,"2":7.0,"3":0.0,"4":0.0,"5":0.0,"6":1.0,"7":5.0,"8":4.0,"9":3.0,"10":2.0,"11":2.0,"12":0.0,"13":0.0,"14":0.0},"tn":{"0":918.0,"1":1000.0,"2":1005.0,"3":1011.0,"4":998.0,"5":1012.0,"6":998.0,"7":1007.0,"8":1006.0,"9":1006.0,"10":988.0,"11":1017.0,"12":1000.0,"13":1008.0,"14":1026.0},"fn":{"0":90.0,"1":2.0,"2":6.0,"3":0.0,"4":0.0,"5":0.0,"6":2.0,"7":2.0,"8":3.0,"9":0.0,"10":2.0,"11":1.0,"12":0.0,"13":0.0,"14":0.0},"accuracy":{"0":0.9120000005,"1":0.9955000281,"2":0.9934999943,"3":1.0,"4":1.0,"5":1.0,"6":0.9984999895,"7":0.9965000153,"8":0.9965000153,"9":0.9984999895,"10":0.9980000257,"11":0.9984999895,"12":1.0,"13":1.0,"14":1.0},"precision":{"0":0.9133064747,"1":0.9929859638,"2":0.9929221272,"3":1.0,"4":1.0,"5":1.0,"6":0.9990000129,"7":0.994954586,"8":0.9959636927,"9":0.9969819188,"10":0.9980198145,"11":0.9979633689,"12":1.0,"13":1.0,"14":1.0},"recall":{"0":0.9096385837,"1":0.9979858994,"2":0.9939271212,"3":1.0,"4":1.0,"5":1.0,"6":0.9980019927,"7":0.9979757071,"8":0.9969696999,"9":1.0,"10":0.9980198145,"11":0.9989806414,"12":1.0,"13":1.0,"14":1.0},"auc":{"0":0.9522151947,"1":0.9998099804,"2":0.9998340011,"3":0.9999998808,"4":1.0,"5":0.9999999404,"6":0.9999939799,"7":0.999919951,"8":0.9999560118,"9":0.9999970794,"10":0.9999929667,"11":0.999484241,"12":0.9999999404,"13":1.0,"14":1.0}}