{"loss":{"0":0.8569744825,"1":0.1181555986,"2":0.0820306242,"3":0.0546871573,"4":0.0286273845,"5":0.0265577342,"6":0.0207186602,"7":0.0148631698,"8":0.0345504209,"9":0.0137121668,"10":0.0275463648,"11":0.0055745998,"12":0.0009005927,"13":0.00070727,"14":0.0002020214},"tp":{"0":791.0,"1":943.0,"2":976.0,"3":973.0,"4":982.0,"5":984.0,"6":990.0,"7":982.0,"8":979.0,"9":984.0,"10":998.0,"11":988.0,"12":1007.0,"13":977.0,"14":987.0},"fp":{"0":210.0,"1":42.0,"2":28.0,"3":15.0,"4":10.0,"5":11.0,"6":9.0,"7":4.0,"8":13.0,"9":5.0,"10":10.0,"11":2.0,"12":0.0,"13":0.0,"14":0.0},"tn":{"0":796.0,"1":971.0,"2":972.0,"3":989.0,"4":1000.0,"5":997.0,"6":994.0,"7":1006.0,"8":1000.0,"9":1006.0,"10":982.0,"11":1009.0,"12":993.0,"13":1023.0,"14":1013.0},"fn":{"0":203.0,"1":44.0,"2":24.0,"3":23.0,"4":8.0,"5":8.0,"6":7.0,"7":8.0,"8":8.0,"9":5.0,"10":10.0,"11":1.0,"12":0.0,"13":0.0,"14":0.0},"accuracy":{"0":0.7935000062,"1":0.9570000172,"2":0.9739999771,"3":0.9810000062,"4":0.9909999967,"5":0.9904999733,"6":0.9919999838,"7":0.9940000176,"8":0.9894999862,"9":0.9950000048,"10":0.9900000095,"11":0.9984999895,"12":1.0,"13":1.0,"14":1.0},"precision":{"0":0.7902097702,"1":0.9573603868,"2":0.9721115828,"3":0.9848178029,"4":0.9899193645,"5":0.9889447093,"6":0.9909909964,"7":0.9959431887,"8":0.986895144,"9":0.9949443936,"10":0.9900793433,"11":0.9979798198,"12":1.0,"13":1.0,"14":1.0},"recall":{"0":0.7957746387,"1":0.9554204941,"2":0.976000011,"3":0.9769076109,"4":0.9919192195,"5":0.9919354916,"6":0.9929789305,"7":0.9919192195,"8":0.9918946028,"9":0.9949443936,"10":0.9900793433,"11":0.9989888668,"12":1.0,"13":1.0,"14":1.0},"auc":{"0":0.8349996805,"1":0.9908213615,"2":0.9952549338,"3":0.9980934262,"4":0.9994953871,"5":0.9995990992,"6":0.9997650981,"7":0.9998724461,"8":0.9988167882,"9":0.9998909831,"10":0.9991229177,"11":0.9999899864,"12":1.0,"13":1.0,"14":1.0}}