{"loss":{"0":0.1993307471,"1":0.0960023925,"2":0.0381478779,"3":0.0221065618,"4":0.0225046761,"5":0.022442542,"6":0.0221209023,"7":0.0213410258,"8":0.021375604,"9":0.0212821923,"10":0.0206057094,"11":0.0233009569,"12":0.0190735701,"13":0.0191400629,"14":0.0222001914},"tp":{"0":939.0,"1":965.0,"2":961.0,"3":973.0,"4":965.0,"5":992.0,"6":966.0,"7":987.0,"8":976.0,"9":968.0,"10":973.0,"11":958.0,"12":973.0,"13":972.0,"14":974.0},"fp":{"0":40.0,"1":24.0,"2":13.0,"3":9.0,"4":4.0,"5":13.0,"6":14.0,"7":23.0,"8":5.0,"9":5.0,"10":7.0,"11":6.0,"12":7.0,"13":0.0,"14":10.0},"tn":{"0":967.0,"1":980.0,"2":1002.0,"3":994.0,"4":1004.0,"5":982.0,"6":1007.0,"7":982.0,"8":991.0,"9":1009.0,"10":995.0,"11":1004.0,"12":1000.0,"13":1000.0,"14":991.0},"fn":{"0":54.0,"1":31.0,"2":24.0,"3":24.0,"4":27.0,"5":13.0,"6":13.0,"7":8.0,"8":28.0,"9":18.0,"10":25.0,"11":32.0,"12":20.0,"13":28.0,"14":25.0},"accuracy":{"0":0.9530000091,"1":0.9725000262,"2":0.9815000296,"3":0.9835000038,"4":0.9844999909,"5":0.9869999886,"6":0.9865000248,"7":0.9844999909,"8":0.9835000038,"9":0.988499999,"10":0.9840000272,"11":0.9810000062,"12":0.9865000248,"13":0.9860000014,"14":0.9825000167},"precision":{"0":0.9591419697,"1":0.9757330418,"2":0.9866529703,"3":0.990835011,"4":0.9958720207,"5":0.9870646596,"6":0.9857142568,"7":0.9772277474,"8":0.9949031472,"9":0.9948612452,"10":0.9928571582,"11":0.9937759042,"12":0.9928571582,"13":1.0,"14":0.9898374081},"recall":{"0":0.9456193447,"1":0.9688755274,"2":0.9756345153,"3":0.9759277701,"4":0.9727822542,"5":0.9870646596,"6":0.986721158,"7":0.9919598103,"8":0.9721115828,"9":0.9817444086,"10":0.9749498963,"11":0.9676767588,"12":0.9798589945,"13":0.9720000029,"14":0.9749749899},"auc":{"0":0.9870253801,"1":0.995703876,"2":0.9988337755,"3":0.9994249344,"4":0.9994339943,"5":0.9996345043,"6":0.9995121956,"7":0.9995164871,"8":0.9995065331,"9":0.9996064305,"10":0.9994745851,"11":0.9993504286,"12":0.9995820522,"13":0.9995365143,"14":0.9995179772}}