{"loss":{"0":0.1919467151,"1":0.0236193892,"2":0.0129213315,"3":0.0049325512,"4":0.0076860758,"5":0.0102150347,"6":0.0095046833,"7":0.0014051887,"8":0.0051885336,"9":0.0138049852,"10":0.0069158021,"11":0.0122031746,"12":0.0103166513,"13":0.0001001516,"14":0.0019043441},"tp":{"0":891.0,"1":916.0,"2":928.0,"3":912.0,"4":918.0,"5":934.0,"6":909.0,"7":920.0,"8":928.0,"9":921.0,"10":924.0,"11":933.0,"12":903.0,"13":930.0,"14":911.0},"fp":{"0":31.0,"1":5.0,"2":3.0,"3":1.0,"4":2.0,"5":3.0,"6":3.0,"7":0.0,"8":2.0,"9":4.0,"10":2.0,"11":4.0,"12":2.0,"13":0.0,"14":1.0},"tn":{"0":903.0,"1":930.0,"2":923.0,"3":942.0,"4":932.0,"5":918.0,"6":943.0,"7":935.0,"8":924.0,"9":928.0,"10":927.0,"11":917.0,"12":948.0,"13":926.0,"14":943.0},"fn":{"0":31.0,"1":5.0,"2":2.0,"3":1.0,"4":4.0,"5":1.0,"6":1.0,"7":1.0,"8":2.0,"9":3.0,"10":3.0,"11":2.0,"12":3.0,"13":0.0,"14":1.0},"accuracy":{"0":0.9665948153,"1":0.9946120977,"2":0.9973060489,"3":0.9989224076,"4":0.9967672229,"5":0.9978448153,"6":0.9978448153,"7":0.9994612336,"8":0.9978448153,"9":0.9962284565,"10":0.9973060489,"11":0.9967672229,"12":0.9973060489,"13":1.0,"14":0.9989224076},"precision":{"0":0.9663774371,"1":0.9945710897,"2":0.9967776537,"3":0.998904705,"4":0.9978260994,"5":0.9967982769,"6":0.9967105389,"7":1.0,"8":0.9978494644,"9":0.995675683,"10":0.9978401661,"11":0.9957310557,"12":0.9977900386,"13":1.0,"14":0.998903513},"recall":{"0":0.9663774371,"1":0.9945710897,"2":0.9978494644,"3":0.998904705,"4":0.9956616163,"5":0.9989304543,"6":0.9989010692,"7":0.9989142418,"8":0.9978494644,"9":0.9967532754,"10":0.9967637658,"11":0.9978609681,"12":0.9966887236,"13":1.0,"14":0.998903513},"auc":{"0":0.9861103892,"1":0.9982872009,"2":0.9993734956,"3":0.9999913573,"4":0.9999640584,"5":0.999429822,"6":0.9989185333,"7":0.9999988675,"8":0.9999895692,"9":0.9994199276,"10":0.9999878407,"11":0.9989013672,"12":0.9994510412,"13":1.0,"14":0.9999976158},"val_loss":{"0":4.1252450943,"1":7.7788143158,"2":5.5703978539,"3":2.365477562,"4":0.1057254076,"5":10.1700048447,"6":0.9549949169,"7":0.5604428053,"8":0.2460358143,"9":1.0275497437,"10":0.0400271416,"11":4.0112953186,"12":1.4496355057,"13":0.6427898407,"14":0.0860619247},"val_tp":{"0":74.0,"1":73.0,"2":72.0,"3":77.0,"4":70.0,"5":0.0,"6":37.0,"7":53.0,"8":60.0,"9":42.0,"10":75.0,"11":12.0,"12":45.0,"13":57.0,"14":67.0},"val_fp":{"0":70.0,"1":71.0,"2":72.0,"3":39.0,"4":2.0,"5":0.0,"6":0.0,"7":0.0,"8":0.0,"9":0.0,"10":1.0,"11":0.0,"12":0.0,"13":0.0,"14":0.0},"val_tn":{"0":0.0,"1":0.0,"2":0.0,"3":28.0,"4":72.0,"5":70.0,"6":74.0,"7":69.0,"8":77.0,"9":75.0,"10":67.0,"11":70.0,"12":70.0,"13":74.0,"14":74.0},"val_fn":{"0":0.0,"1":0.0,"2":0.0,"3":0.0,"4":0.0,"5":74.0,"6":33.0,"7":22.0,"8":7.0,"9":27.0,"10":1.0,"11":62.0,"12":29.0,"13":13.0,"14":3.0},"val_accuracy":{"0":0.5138888955,"1":0.506944418,"2":0.5,"3":0.7291666865,"4":0.9861111045,"5":0.4861111045,"6":0.7708333135,"7":0.847222209,"8":0.9513888955,"9":0.8125,"10":0.9861111045,"11":0.569444418,"12":0.7986111045,"13":0.909722209,"14":0.9791666865},"val_precision":{"0":0.5138888955,"1":0.506944418,"2":0.5,"3":0.663793087,"4":0.972222209,"5":0.0,"6":1.0,"7":1.0,"8":1.0,"9":1.0,"10":0.9868420959,"11":1.0,"12":1.0,"13":1.0,"14":1.0},"val_recall":{"0":1.0,"1":1.0,"2":1.0,"3":1.0,"4":1.0,"5":0.0,"6":0.5285714269,"7":0.7066666484,"8":0.8955224156,"9":0.6086956263,"10":0.9868420959,"11":0.1621621549,"12":0.6081081033,"13":0.8142856956,"14":0.9571428299},"val_auc":{"0":0.5,"1":0.5,"2":0.506944418,"3":0.7686567307,"4":0.9864864945,"5":0.5,"6":0.9214285612,"7":0.9733333588,"8":0.9776118994,"9":0.9057971239,"10":0.9978715181,"11":0.7162162066,"12":0.9121621847,"13":0.9499999881,"14":0.9928570986}}