{"loss":{"0":0.3747310936,"1":0.0089611271,"2":0.0042430349,"3":0.0005766837,"4":0.0009683539,"5":0.0004689986,"6":0.0050037992,"7":0.0247672331,"8":0.0048463736,"9":0.0007636817,"10":0.0050294739,"11":0.0019890559,"12":0.0002840142,"13":0.0002429305,"14":0.0001335541},"tp":{"0":856.0,"1":919.0,"2":917.0,"3":932.0,"4":907.0,"5":927.0,"6":927.0,"7":925.0,"8":913.0,"9":926.0,"10":916.0,"11":933.0,"12":914.0,"13":915.0,"14":937.0},"fp":{"0":57.0,"1":3.0,"2":1.0,"3":0.0,"4":0.0,"5":0.0,"6":3.0,"7":6.0,"8":2.0,"9":0.0,"10":2.0,"11":1.0,"12":0.0,"13":0.0,"14":0.0},"tn":{"0":874.0,"1":932.0,"2":936.0,"3":924.0,"4":949.0,"5":929.0,"6":925.0,"7":920.0,"8":940.0,"9":930.0,"10":937.0,"11":922.0,"12":942.0,"13":941.0,"14":919.0},"fn":{"0":69.0,"1":2.0,"2":2.0,"3":0.0,"4":0.0,"5":0.0,"6":1.0,"7":5.0,"8":1.0,"9":0.0,"10":1.0,"11":0.0,"12":0.0,"13":0.0,"14":0.0},"accuracy":{"0":0.9321120977,"1":0.9973060489,"2":0.9983836412,"3":1.0,"4":1.0,"5":1.0,"6":0.9978448153,"7":0.9940732718,"8":0.9983836412,"9":1.0,"10":0.9983836412,"11":0.9994612336,"12":1.0,"13":1.0,"14":1.0},"precision":{"0":0.9375684261,"1":0.9967461824,"2":0.9989106655,"3":1.0,"4":1.0,"5":1.0,"6":0.9967741966,"7":0.9935553074,"8":0.9978141785,"9":1.0,"10":0.997821331,"11":0.9989293218,"12":1.0,"13":1.0,"14":1.0},"recall":{"0":0.9254053831,"1":0.997828424,"2":0.9978237152,"3":1.0,"4":1.0,"5":1.0,"6":0.9989224076,"7":0.994623661,"8":0.9989058971,"9":1.0,"10":0.9989094734,"11":1.0,"12":1.0,"13":1.0,"14":1.0},"auc":{"0":0.9726130366,"1":0.9999657273,"2":0.9999918938,"3":1.0,"4":1.0,"5":1.0,"6":0.999981463,"7":0.998079896,"8":0.9999861121,"9":1.0,"10":0.9999865294,"11":1.0,"12":0.9999999404,"13":0.9999999404,"14":1.0},"val_loss":{"0":3.5689036846,"1":5.2510247231,"2":5.4088244438,"3":2.25557971,"4":0.1912276894,"5":0.1632639915,"6":3.0966575146,"7":0.9339790344,"8":0.0034632231,"9":0.0092562968,"10":0.228797406,"11":0.0120955985,"12":0.0029954503,"13":0.0071830046,"14":0.0088097686},"val_tp":{"0":69.0,"1":72.0,"2":68.0,"3":71.0,"4":76.0,"5":69.0,"6":72.0,"7":55.0,"8":71.0,"9":72.0,"10":73.0,"11":75.0,"12":70.0,"13":74.0,"14":75.0},"val_fp":{"0":75.0,"1":72.0,"2":76.0,"3":60.0,"4":12.0,"5":9.0,"6":41.0,"7":0.0,"8":0.0,"9":0.0,"10":13.0,"11":1.0,"12":0.0,"13":1.0,"14":1.0},"val_tn":{"0":0.0,"1":0.0,"2":0.0,"3":13.0,"4":56.0,"5":66.0,"6":31.0,"7":73.0,"8":73.0,"9":71.0,"10":58.0,"11":68.0,"12":74.0,"13":69.0,"14":68.0},"val_fn":{"0":0.0,"1":0.0,"2":0.0,"3":0.0,"4":0.0,"5":0.0,"6":0.0,"7":16.0,"8":0.0,"9":1.0,"10":0.0,"11":0.0,"12":0.0,"13":0.0,"14":0.0},"val_accuracy":{"0":0.4791666567,"1":0.5,"2":0.472222209,"3":0.5833333135,"4":0.9166666865,"5":0.9375,"6":0.715277791,"7":0.8888888955,"8":1.0,"9":0.993055582,"10":0.909722209,"11":0.993055582,"12":1.0,"13":0.993055582,"14":0.993055582},"val_precision":{"0":0.4791666567,"1":0.5,"2":0.472222209,"3":0.5419847369,"4":0.8636363745,"5":0.8846153617,"6":0.637168169,"7":1.0,"8":1.0,"9":1.0,"10":0.8488371968,"11":0.9868420959,"12":1.0,"13":0.9866666794,"14":0.9868420959},"val_recall":{"0":1.0,"1":1.0,"2":1.0,"3":1.0,"4":1.0,"5":1.0,"6":1.0,"7":0.7746478915,"8":1.0,"9":0.9863013625,"10":1.0,"11":1.0,"12":1.0,"13":1.0,"14":1.0},"val_auc":{"0":0.5,"1":0.5,"2":0.5065789223,"3":0.8013698459,"4":1.0,"5":0.9933333397,"6":0.777777791,"7":0.9154929519,"8":1.0,"9":1.0,"10":0.9916070104,"11":1.0,"12":0.9999999404,"13":1.0,"14":1.0}}