{"loss":{"0":1.0210391283,"1":0.0204707589,"2":0.0103799328,"3":0.006604129,"4":0.0054059802,"5":0.0013803683,"6":0.000694945,"7":0.0003994399,"8":0.0011753466,"9":0.0025609105,"10":0.0007145546,"11":0.0005623706,"12":0.000086868,"13":0.0000876229,"14":0.0000730719},"tp":{"0":823.0,"1":919.0,"2":918.0,"3":921.0,"4":921.0,"5":923.0,"6":924.0,"7":920.0,"8":934.0,"9":918.0,"10":924.0,"11":923.0,"12":920.0,"13":918.0,"14":909.0},"fp":{"0":97.0,"1":7.0,"2":5.0,"3":3.0,"4":1.0,"5":0.0,"6":0.0,"7":0.0,"8":0.0,"9":2.0,"10":0.0,"11":0.0,"12":0.0,"13":0.0,"14":0.0},"tn":{"0":837.0,"1":927.0,"2":931.0,"3":931.0,"4":933.0,"5":933.0,"6":932.0,"7":936.0,"8":922.0,"9":936.0,"10":932.0,"11":933.0,"12":936.0,"13":938.0,"14":947.0},"fn":{"0":99.0,"1":3.0,"2":2.0,"3":1.0,"4":1.0,"5":0.0,"6":0.0,"7":0.0,"8":0.0,"9":0.0,"10":0.0,"11":0.0,"12":0.0,"13":0.0,"14":0.0},"accuracy":{"0":0.8943965435,"1":0.9946120977,"2":0.9962284565,"3":0.9978448153,"4":0.9989224076,"5":1.0,"6":1.0,"7":1.0,"8":1.0,"9":0.9989224076,"10":1.0,"11":1.0,"12":1.0,"13":1.0,"14":1.0},"precision":{"0":0.8945652246,"1":0.9924405813,"2":0.9945828915,"3":0.9967532754,"4":0.9989153743,"5":1.0,"6":1.0,"7":1.0,"8":1.0,"9":0.9978260994,"10":1.0,"11":1.0,"12":1.0,"13":1.0,"14":1.0},"recall":{"0":0.8926247358,"1":0.9967461824,"2":0.9978260994,"3":0.9989153743,"4":0.9989153743,"5":1.0,"6":1.0,"7":1.0,"8":1.0,"9":1.0,"10":1.0,"11":1.0,"12":1.0,"13":1.0,"14":1.0},"auc":{"0":0.9314990044,"1":0.9991465211,"2":0.9999448061,"3":0.9999802709,"4":0.9999860525,"5":1.0,"6":1.0,"7":0.9999999404,"8":1.0,"9":0.9999988079,"10":0.9999999404,"11":1.0,"12":1.0,"13":1.0,"14":1.0},"val_loss":{"0":1.040538311,"1":1.6311116219,"2":1.9695987701,"3":0.6133154631,"4":0.0500488728,"5":0.0003257621,"6":0.0002458274,"7":0.000153423,"8":0.000149154,"9":0.0025973306,"10":0.001075733,"11":0.0000419687,"12":0.0000132098,"13":0.0000111738,"14":0.0000077684},"val_tp":{"0":70.0,"1":75.0,"2":74.0,"3":70.0,"4":75.0,"5":70.0,"6":71.0,"7":74.0,"8":73.0,"9":70.0,"10":73.0,"11":71.0,"12":70.0,"13":72.0,"14":69.0},"val_fp":{"0":74.0,"1":69.0,"2":70.0,"3":35.0,"4":2.0,"5":0.0,"6":0.0,"7":0.0,"8":0.0,"9":0.0,"10":0.0,"11":0.0,"12":0.0,"13":0.0,"14":0.0},"val_tn":{"0":0.0,"1":0.0,"2":0.0,"3":39.0,"4":67.0,"5":74.0,"6":73.0,"7":70.0,"8":71.0,"9":74.0,"10":71.0,"11":73.0,"12":74.0,"13":72.0,"14":75.0},"val_fn":{"0":0.0,"1":0.0,"2":0.0,"3":0.0,"4":0.0,"5":0.0,"6":0.0,"7":0.0,"8":0.0,"9":0.0,"10":0.0,"11":0.0,"12":0.0,"13":0.0,"14":0.0},"val_accuracy":{"0":0.4861111045,"1":0.5208333135,"2":0.5138888955,"3":0.756944418,"4":0.9861111045,"5":1.0,"6":1.0,"7":1.0,"8":1.0,"9":1.0,"10":1.0,"11":1.0,"12":1.0,"13":1.0,"14":1.0},"val_precision":{"0":0.4861111045,"1":0.5208333135,"2":0.5138888955,"3":0.6666666865,"4":0.9740259647,"5":1.0,"6":1.0,"7":1.0,"8":1.0,"9":1.0,"10":1.0,"11":1.0,"12":1.0,"13":1.0,"14":1.0},"val_recall":{"0":1.0,"1":1.0,"2":1.0,"3":1.0,"4":1.0,"5":1.0,"6":1.0,"7":1.0,"8":1.0,"9":1.0,"10":1.0,"11":1.0,"12":1.0,"13":1.0,"14":1.0},"val_auc":{"0":0.9131274223,"1":0.8997101188,"2":0.9712355733,"3":0.9972007275,"4":0.9999998808,"5":1.0,"6":1.0,"7":1.0,"8":1.0,"9":1.0,"10":1.0,"11":1.0,"12":1.0,"13":1.0,"14":1.0}}