{"loss":{"0":0.6057890654,"1":0.0812208205,"2":0.0347484387,"3":0.0230319295,"4":0.0572368652,"5":0.0106976526,"6":0.0044171484,"7":0.0009003243,"8":0.0129512083,"9":0.0061200787,"10":0.0707201958,"11":0.0210933257,"12":0.0023003798,"13":0.0009492369,"14":0.0002878862},"tp":{"0":775.0,"1":891.0,"2":910.0,"3":917.0,"4":905.0,"5":927.0,"6":914.0,"7":922.0,"8":922.0,"9":913.0,"10":922.0,"11":917.0,"12":904.0,"13":933.0,"14":933.0},"fp":{"0":149.0,"1":27.0,"2":13.0,"3":7.0,"4":19.0,"5":2.0,"6":2.0,"7":0.0,"8":3.0,"9":1.0,"10":15.0,"11":4.0,"12":1.0,"13":1.0,"14":0.0},"tn":{"0":782.0,"1":908.0,"2":922.0,"3":926.0,"4":913.0,"5":925.0,"6":938.0,"7":934.0,"8":928.0,"9":939.0,"10":905.0,"11":930.0,"12":950.0,"13":922.0,"14":923.0},"fn":{"0":150.0,"1":30.0,"2":11.0,"3":6.0,"4":19.0,"5":2.0,"6":2.0,"7":0.0,"8":3.0,"9":3.0,"10":14.0,"11":5.0,"12":1.0,"13":0.0,"14":0.0},"accuracy":{"0":0.8389008641,"1":0.9692887664,"2":0.9870689511,"3":0.9929956794,"4":0.9795258641,"5":0.9978448153,"6":0.9978448153,"7":1.0,"8":0.9967672229,"9":0.9978448153,"10":0.984375,"11":0.9951508641,"12":0.9989224076,"13":0.9994612336,"14":1.0},"precision":{"0":0.8387445807,"1":0.9705882072,"2":0.985915482,"3":0.9924242496,"4":0.979437232,"5":0.9978471398,"6":0.9978166223,"7":1.0,"8":0.9967567325,"9":0.9989058971,"10":0.9839914441,"11":0.9956569076,"12":0.9988950491,"13":0.9989293218,"14":1.0},"recall":{"0":0.8378378153,"1":0.9674267173,"2":0.9880564809,"3":0.9934994578,"4":0.979437232,"5":0.9978471398,"6":0.9978166223,"7":1.0,"8":0.9967567325,"9":0.9967249036,"10":0.9850427508,"11":0.9945769906,"12":0.9988950491,"13":1.0,"14":1.0},"auc":{"0":0.9038958549,"1":0.9951331615,"2":0.9987789392,"3":0.9986060262,"4":0.9973594546,"5":0.9999414086,"6":0.9999918342,"7":1.0,"8":0.9999007583,"9":0.9999837875,"10":0.9963101149,"11":0.9991773367,"12":0.9999965429,"13":1.0,"14":1.0},"val_loss":{"0":1.4849157333,"1":2.2331883907,"2":2.8151216507,"3":2.1971216202,"4":0.1900681555,"5":0.2184884399,"6":0.0612127706,"7":0.0018985341,"8":0.0378291458,"9":3.2389001846,"10":22.2513866425,"11":6.0835819244,"12":2.1665744781,"13":0.0339422598,"14":0.0108456817},"val_tp":{"0":72.0,"1":72.0,"2":74.0,"3":70.0,"4":70.0,"5":72.0,"6":70.0,"7":72.0,"8":70.0,"9":71.0,"10":0.0,"11":0.0,"12":14.0,"13":67.0,"14":72.0},"val_fp":{"0":72.0,"1":72.0,"2":70.0,"3":64.0,"4":0.0,"5":12.0,"6":0.0,"7":0.0,"8":0.0,"9":52.0,"10":0.0,"11":0.0,"12":0.0,"13":0.0,"14":0.0},"val_tn":{"0":0.0,"1":0.0,"2":0.0,"3":10.0,"4":69.0,"5":60.0,"6":71.0,"7":72.0,"8":71.0,"9":21.0,"10":75.0,"11":75.0,"12":69.0,"13":75.0,"14":71.0},"val_fn":{"0":0.0,"1":0.0,"2":0.0,"3":0.0,"4":5.0,"5":0.0,"6":3.0,"7":0.0,"8":3.0,"9":0.0,"10":69.0,"11":69.0,"12":61.0,"13":2.0,"14":1.0},"val_accuracy":{"0":0.5,"1":0.5,"2":0.5138888955,"3":0.555555582,"4":0.965277791,"5":0.9166666865,"6":0.9791666865,"7":1.0,"8":0.9791666865,"9":0.6388888955,"10":0.5208333135,"11":0.5208333135,"12":0.5763888955,"13":0.9861111045,"14":0.993055582},"val_precision":{"0":0.5,"1":0.5,"2":0.5138888955,"3":0.522388041,"4":1.0,"5":0.8571428657,"6":1.0,"7":1.0,"8":1.0,"9":0.5772357583,"10":0.0,"11":0.0,"12":1.0,"13":1.0,"14":1.0},"val_recall":{"0":1.0,"1":1.0,"2":1.0,"3":1.0,"4":0.9333333373,"5":1.0,"6":0.9589040875,"7":1.0,"8":0.9589040875,"9":1.0,"10":0.0,"11":0.0,"12":0.1866666675,"13":0.9710144997,"14":0.9863013625},"val_auc":{"0":0.5428241491,"1":0.5396412611,"2":0.657142818,"3":0.8040540218,"4":0.9930434823,"5":1.0,"6":1.0,"7":1.0,"8":1.0,"9":0.760273993,"10":0.5,"11":0.5362318754,"12":0.8466666937,"13":1.0,"14":1.0}}