{"loss":{"0":0.3954458535,"1":0.0556322597,"2":0.029079929,"3":0.0232827403,"4":0.0212617107,"5":0.0222081337,"6":0.0237881728,"7":0.0601843633,"8":0.0755870044,"9":0.0420369245,"10":0.0295663308,"11":0.0249017328,"12":0.0197261106,"13":0.0225847214,"14":0.0225328878},"tp":{"0":845.0,"1":902.0,"2":911.0,"3":905.0,"4":918.0,"5":932.0,"6":912.0,"7":889.0,"8":896.0,"9":913.0,"10":900.0,"11":905.0,"12":902.0,"13":916.0,"14":896.0},"fp":{"0":77.0,"1":19.0,"2":14.0,"3":27.0,"4":27.0,"5":18.0,"6":29.0,"7":22.0,"8":21.0,"9":15.0,"10":13.0,"11":5.0,"12":18.0,"13":17.0,"14":7.0},"tn":{"0":856.0,"1":915.0,"2":911.0,"3":914.0,"4":906.0,"5":896.0,"6":915.0,"7":921.0,"8":912.0,"9":908.0,"10":924.0,"11":919.0,"12":929.0,"13":907.0,"14":929.0},"fn":{"0":78.0,"1":20.0,"2":20.0,"3":10.0,"4":5.0,"5":10.0,"6":0.0,"7":24.0,"8":27.0,"9":20.0,"10":19.0,"11":27.0,"12":7.0,"13":16.0,"14":24.0},"accuracy":{"0":0.9164870977,"1":0.9789870977,"2":0.9816810489,"3":0.9800646305,"4":0.9827586412,"5":0.9849137664,"6":0.984375,"7":0.9752154946,"8":0.9741379023,"9":0.9811422229,"10":0.9827586412,"11":0.9827586412,"12":0.9865301847,"13":0.9822198153,"14":0.9832974076},"precision":{"0":0.9164859056,"1":0.9793702364,"2":0.9848648906,"3":0.9710300565,"4":0.9714285731,"5":0.9810526371,"6":0.9691817164,"7":0.9758507013,"8":0.9770992398,"9":0.9838362336,"10":0.9857612252,"11":0.994505465,"12":0.9804347754,"13":0.9817792177,"14":0.9922480583},"recall":{"0":0.9154929519,"1":0.978308022,"2":0.9785177112,"3":0.9890710115,"4":0.9945828915,"5":0.9893842936,"6":1.0,"7":0.9737130404,"8":0.9707475901,"9":0.9785637856,"10":0.9793253541,"11":0.9710300565,"12":0.9922992587,"13":0.9828326106,"14":0.9739130139},"auc":{"0":0.9690859318,"1":0.9974985719,"2":0.9993206859,"3":0.9994267821,"4":0.9994559884,"5":0.9995012283,"6":0.9993303418,"7":0.9960300922,"8":0.9966167212,"9":0.9987395406,"10":0.9988189936,"11":0.9994054437,"12":0.9996601343,"13":0.999401927,"14":0.9994529486},"val_loss":{"0":0.525582552,"1":0.4423928559,"2":0.1596526951,"3":0.0255325343,"4":0.0067548868,"5":0.0000062893,"6":0.000000404,"7":2.0338866711,"8":0.0042014746,"9":0.00000001,"10":0.0000102571,"11":0.2018749863,"12":0.0000046264,"13":0.0000000288,"14":0.0000000664},"val_tp":{"0":34.0,"1":72.0,"2":72.0,"3":70.0,"4":77.0,"5":68.0,"6":69.0,"7":35.0,"8":72.0,"9":73.0,"10":70.0,"11":65.0,"12":72.0,"13":72.0,"14":71.0},"val_fp":{"0":0.0,"1":52.0,"2":6.0,"3":1.0,"4":0.0,"5":0.0,"6":0.0,"7":0.0,"8":0.0,"9":0.0,"10":0.0,"11":0.0,"12":0.0,"13":0.0,"14":0.0},"val_tn":{"0":69.0,"1":20.0,"2":66.0,"3":73.0,"4":67.0,"5":76.0,"6":75.0,"7":69.0,"8":72.0,"9":71.0,"10":74.0,"11":72.0,"12":72.0,"13":72.0,"14":73.0},"val_fn":{"0":41.0,"1":0.0,"2":0.0,"3":0.0,"4":0.0,"5":0.0,"6":0.0,"7":40.0,"8":0.0,"9":0.0,"10":0.0,"11":7.0,"12":0.0,"13":0.0,"14":0.0},"val_accuracy":{"0":0.715277791,"1":0.6388888955,"2":0.9583333135,"3":0.993055582,"4":1.0,"5":1.0,"6":1.0,"7":0.722222209,"8":1.0,"9":1.0,"10":1.0,"11":0.9513888955,"12":1.0,"13":1.0,"14":1.0},"val_precision":{"0":1.0,"1":0.580645144,"2":0.9230769277,"3":0.985915482,"4":1.0,"5":1.0,"6":1.0,"7":1.0,"8":1.0,"9":1.0,"10":1.0,"11":1.0,"12":1.0,"13":1.0,"14":1.0},"val_recall":{"0":0.453333348,"1":1.0,"2":1.0,"3":1.0,"4":1.0,"5":1.0,"6":1.0,"7":0.4666666687,"8":1.0,"9":1.0,"10":1.0,"11":0.902777791,"12":1.0,"13":1.0,"14":1.0},"val_auc":{"0":0.8433816433,"1":0.9956597686,"2":0.9996142387,"3":1.0,"4":0.9999999404,"5":1.0,"6":1.0,"7":0.8466666937,"8":1.0,"9":1.0,"10":1.0,"11":0.9861111045,"12":1.0,"13":1.0,"14":1.0}}