{"loss":{"0":0.4061376452,"1":0.015287376,"2":0.0267446525,"3":0.0065695648,"4":0.0166893415,"5":0.0018636605,"6":0.0008778959,"7":0.0003981785,"8":0.0001095124,"9":0.0000846307,"10":0.0000869295,"11":0.0000843628,"12":0.000029998,"13":0.0000796398,"14":0.0001486304},"tp":{"0":855.0,"1":924.0,"2":916.0,"3":919.0,"4":922.0,"5":920.0,"6":917.0,"7":932.0,"8":925.0,"9":917.0,"10":925.0,"11":924.0,"12":924.0,"13":923.0,"14":921.0},"fp":{"0":62.0,"1":6.0,"2":5.0,"3":4.0,"4":5.0,"5":1.0,"6":0.0,"7":0.0,"8":0.0,"9":0.0,"10":0.0,"11":0.0,"12":0.0,"13":0.0,"14":0.0},"tn":{"0":872.0,"1":921.0,"2":929.0,"3":931.0,"4":926.0,"5":935.0,"6":939.0,"7":924.0,"8":931.0,"9":939.0,"10":931.0,"11":932.0,"12":932.0,"13":933.0,"14":935.0},"fn":{"0":67.0,"1":5.0,"2":6.0,"3":2.0,"4":3.0,"5":0.0,"6":0.0,"7":0.0,"8":0.0,"9":0.0,"10":0.0,"11":0.0,"12":0.0,"13":0.0,"14":0.0},"accuracy":{"0":0.9304956794,"1":0.9940732718,"2":0.9940732718,"3":0.9967672229,"4":0.9956896305,"5":0.9994612336,"6":1.0,"7":1.0,"8":1.0,"9":1.0,"10":1.0,"11":1.0,"12":1.0,"13":1.0,"14":1.0},"precision":{"0":0.9323882461,"1":0.9935483932,"2":0.9945710897,"3":0.9956663251,"4":0.9946062565,"5":0.9989142418,"6":1.0,"7":1.0,"8":1.0,"9":1.0,"10":1.0,"11":1.0,"12":1.0,"13":1.0,"14":1.0},"recall":{"0":0.9273318648,"1":0.9946178794,"2":0.9934924245,"3":0.997828424,"4":0.9967567325,"5":1.0,"6":1.0,"7":1.0,"8":1.0,"9":1.0,"10":1.0,"11":1.0,"12":1.0,"13":1.0,"14":1.0},"auc":{"0":0.962217927,"1":0.9998716712,"2":0.9976839423,"3":0.9999814034,"4":0.9988324046,"5":0.9999988079,"6":0.9999999404,"7":1.0,"8":1.0,"9":1.0,"10":1.0,"11":1.0,"12":1.0,"13":1.0,"14":1.0},"val_loss":{"0":2.9479539394,"1":4.6980843544,"2":3.7805213928,"3":3.9051165581,"4":0.0236242544,"5":0.0431207791,"6":0.0643138587,"7":0.1553833038,"8":0.1072056219,"9":0.1340059638,"10":0.1071145907,"11":0.1664996147,"12":0.0908154622,"13":0.0836979672,"14":0.2510054111},"val_tp":{"0":74.0,"1":72.0,"2":76.0,"3":70.0,"4":69.0,"5":73.0,"6":70.0,"7":65.0,"8":67.0,"9":65.0,"10":68.0,"11":65.0,"12":67.0,"13":70.0,"14":62.0},"val_fp":{"0":70.0,"1":72.0,"2":68.0,"3":69.0,"4":1.0,"5":0.0,"6":0.0,"7":0.0,"8":0.0,"9":0.0,"10":0.0,"11":0.0,"12":0.0,"13":0.0,"14":0.0},"val_tn":{"0":0.0,"1":0.0,"2":0.0,"3":5.0,"4":74.0,"5":70.0,"6":72.0,"7":71.0,"8":72.0,"9":73.0,"10":72.0,"11":72.0,"12":72.0,"13":70.0,"14":71.0},"val_fn":{"0":0.0,"1":0.0,"2":0.0,"3":0.0,"4":0.0,"5":1.0,"6":2.0,"7":8.0,"8":5.0,"9":6.0,"10":4.0,"11":7.0,"12":5.0,"13":4.0,"14":11.0},"val_accuracy":{"0":0.5138888955,"1":0.5,"2":0.527777791,"3":0.5208333135,"4":0.993055582,"5":0.993055582,"6":0.9861111045,"7":0.944444418,"8":0.965277791,"9":0.9583333135,"10":0.972222209,"11":0.9513888955,"12":0.965277791,"13":0.972222209,"14":0.9236111045},"val_precision":{"0":0.5138888955,"1":0.5,"2":0.527777791,"3":0.5035971403,"4":0.9857142568,"5":1.0,"6":1.0,"7":1.0,"8":1.0,"9":1.0,"10":1.0,"11":1.0,"12":1.0,"13":1.0,"14":1.0},"val_recall":{"0":1.0,"1":1.0,"2":1.0,"3":1.0,"4":1.0,"5":0.9864864945,"6":0.972222209,"7":0.8904109597,"8":0.930555582,"9":0.9154929519,"10":0.944444418,"11":0.902777791,"12":0.930555582,"13":0.9459459186,"14":0.8493150473},"val_auc":{"0":0.5,"1":0.5,"2":0.5294117928,"3":0.6148648262,"4":0.9998067617,"5":0.9932432175,"6":1.0,"7":0.9931507111,"8":0.993055582,"9":0.9929577112,"10":0.993055582,"11":0.9861111045,"12":0.993055582,"13":1.0,"14":0.9931507111}}