{"loss":{"0":0.6442043185,"1":0.0276026521,"2":0.0210170019,"3":0.0019176529,"4":0.0000973909,"5":0.0000129195,"6":0.0000096936,"7":0.0000352002,"8":0.0000526755,"9":0.0718453005,"10":0.0374560617,"11":0.0018581582,"12":0.0018001945,"13":0.0198261719,"14":0.0000007598},"tp":{"0":839.0,"1":917.0,"2":916.0,"3":917.0,"4":919.0,"5":925.0,"6":926.0,"7":918.0,"8":928.0,"9":918.0,"10":906.0,"11":934.0,"12":903.0,"13":925.0,"14":929.0},"fp":{"0":81.0,"1":9.0,"2":4.0,"3":1.0,"4":0.0,"5":0.0,"6":0.0,"7":0.0,"8":0.0,"9":11.0,"10":6.0,"11":0.0,"12":0.0,"13":3.0,"14":0.0},"tn":{"0":853.0,"1":920.0,"2":932.0,"3":936.0,"4":937.0,"5":931.0,"6":930.0,"7":938.0,"8":928.0,"9":913.0,"10":939.0,"11":921.0,"12":952.0,"13":927.0,"14":927.0},"fn":{"0":83.0,"1":10.0,"2":4.0,"3":2.0,"4":0.0,"5":0.0,"6":0.0,"7":0.0,"8":0.0,"9":14.0,"10":5.0,"11":1.0,"12":1.0,"13":1.0,"14":0.0},"accuracy":{"0":0.9116379023,"1":0.9897629023,"2":0.9956896305,"3":0.9983836412,"4":1.0,"5":1.0,"6":1.0,"7":1.0,"8":1.0,"9":0.9865301847,"10":0.9940732718,"11":0.9994612336,"12":0.9994612336,"13":0.9978448153,"14":1.0},"precision":{"0":0.9119565487,"1":0.990280807,"2":0.9956521988,"3":0.9989106655,"4":1.0,"5":1.0,"6":1.0,"7":1.0,"8":1.0,"9":0.9881592989,"10":0.9934210777,"11":1.0,"12":1.0,"13":0.9967672229,"14":1.0},"recall":{"0":0.9099783301,"1":0.989212513,"2":0.9956521988,"3":0.9978237152,"4":1.0,"5":1.0,"6":1.0,"7":1.0,"8":1.0,"9":0.9849785566,"10":0.9945115447,"11":0.9989304543,"12":0.9988937974,"13":0.998920083,"14":1.0},"auc":{"0":0.9506031275,"1":0.9991936088,"2":0.9977855086,"3":0.9999976158,"4":0.9999999404,"5":1.0,"6":1.0,"7":1.0,"8":1.0,"9":0.996453166,"10":0.9983127117,"11":0.9999988079,"12":1.0,"13":0.9983773232,"14":1.0},"val_loss":{"0":0.3649493456,"1":1.5428509712,"2":0.132164076,"3":0.0343809873,"4":0.0117898593,"5":0.0236126259,"6":0.0569566153,"7":0.0661760271,"8":0.0000080422,"9":0.0000025258,"10":0.6361256838,"11":0.0035129148,"12":0.0944452807,"13":0.0000072295,"14":0.000001035},"val_tp":{"0":60.0,"1":72.0,"2":70.0,"3":70.0,"4":68.0,"5":69.0,"6":72.0,"7":70.0,"8":74.0,"9":74.0,"10":58.0,"11":72.0,"12":68.0,"13":69.0,"14":69.0},"val_fp":{"0":18.0,"1":70.0,"2":9.0,"3":1.0,"4":0.0,"5":0.0,"6":0.0,"7":0.0,"8":0.0,"9":0.0,"10":0.0,"11":0.0,"12":1.0,"13":0.0,"14":0.0},"val_tn":{"0":54.0,"1":2.0,"2":65.0,"3":73.0,"4":75.0,"5":74.0,"6":70.0,"7":72.0,"8":70.0,"9":70.0,"10":71.0,"11":72.0,"12":74.0,"13":75.0,"14":75.0},"val_fn":{"0":12.0,"1":0.0,"2":0.0,"3":0.0,"4":1.0,"5":1.0,"6":2.0,"7":2.0,"8":0.0,"9":0.0,"10":15.0,"11":0.0,"12":1.0,"13":0.0,"14":0.0},"val_accuracy":{"0":0.7916666865,"1":0.5138888955,"2":0.9375,"3":0.993055582,"4":0.993055582,"5":0.993055582,"6":0.9861111045,"7":0.9861111045,"8":1.0,"9":1.0,"10":0.8958333135,"11":1.0,"12":0.9861111045,"13":1.0,"14":1.0},"val_precision":{"0":0.769230783,"1":0.5070422292,"2":0.8860759735,"3":0.985915482,"4":1.0,"5":1.0,"6":1.0,"7":1.0,"8":1.0,"9":1.0,"10":1.0,"11":1.0,"12":0.9855072498,"13":1.0,"14":1.0},"val_recall":{"0":0.8333333135,"1":1.0,"2":1.0,"3":1.0,"4":0.9855072498,"5":0.9857142568,"6":0.9729729891,"7":0.972222209,"8":1.0,"9":1.0,"10":0.7945205569,"11":1.0,"12":0.9855072498,"13":1.0,"14":1.0},"val_auc":{"0":0.9326774478,"1":0.9861111045,"2":0.9994208813,"3":0.9999998808,"4":1.0,"5":1.0,"6":1.0,"7":1.0,"8":1.0,"9":1.0,"10":0.9589041471,"11":1.0,"12":0.9860869646,"13":1.0,"14":1.0}}