{"loss":{"0":0.4378261268,"1":0.0160622112,"2":0.0179366712,"3":0.0082884301,"4":0.0046223891,"5":0.0017725441,"6":0.0079139024,"7":0.0015307078,"8":0.0003814667,"9":0.0001936495,"10":0.0001144251,"11":0.0001536444,"12":0.0003672326,"13":0.0097448817,"14":0.0167229213},"tp":{"0":861.0,"1":925.0,"2":918.0,"3":918.0,"4":921.0,"5":926.0,"6":912.0,"7":934.0,"8":915.0,"9":928.0,"10":917.0,"11":920.0,"12":936.0,"13":913.0,"14":904.0},"fp":{"0":62.0,"1":7.0,"2":7.0,"3":4.0,"4":3.0,"5":1.0,"6":2.0,"7":1.0,"8":0.0,"9":0.0,"10":0.0,"11":0.0,"12":0.0,"13":3.0,"14":5.0},"tn":{"0":872.0,"1":921.0,"2":927.0,"3":932.0,"4":932.0,"5":929.0,"6":940.0,"7":921.0,"8":941.0,"9":928.0,"10":939.0,"11":936.0,"12":920.0,"13":937.0,"14":944.0},"fn":{"0":61.0,"1":3.0,"2":4.0,"3":2.0,"4":0.0,"5":0.0,"6":2.0,"7":0.0,"8":0.0,"9":0.0,"10":0.0,"11":0.0,"12":0.0,"13":3.0,"14":3.0},"accuracy":{"0":0.9337284565,"1":0.9946120977,"2":0.9940732718,"3":0.9967672229,"4":0.9983836412,"5":0.9994612336,"6":0.9978448153,"7":0.9994612336,"8":1.0,"9":1.0,"10":1.0,"11":1.0,"12":1.0,"13":0.9967672229,"14":0.9956896305},"precision":{"0":0.9328277111,"1":0.9924892783,"2":0.9924324155,"3":0.9956616163,"4":0.9967532754,"5":0.9989212751,"6":0.9978117943,"7":0.9989304543,"8":1.0,"9":1.0,"10":1.0,"11":1.0,"12":1.0,"13":0.9967249036,"14":0.994499445},"recall":{"0":0.9338395,"1":0.9967672229,"2":0.9956616163,"3":0.9978260994,"4":1.0,"5":1.0,"6":0.9978117943,"7":1.0,"8":1.0,"9":1.0,"10":1.0,"11":1.0,"12":1.0,"13":0.9967249036,"14":0.9966924191},"auc":{"0":0.9642657638,"1":0.9990937114,"2":0.9992603064,"3":0.9999361038,"4":0.99998492,"5":1.0,"6":0.9994436502,"7":1.0000001192,"8":0.9999999404,"9":1.0,"10":1.0,"11":0.9999999404,"12":1.0,"13":0.9994059801,"14":0.9988312721},"val_loss":{"0":1.7928752899,"1":2.9138226509,"2":4.4196076393,"3":0.393548578,"4":0.0057965238,"5":0.0010573495,"6":0.0320267603,"7":0.0001727394,"8":0.0004928047,"9":0.003347778,"10":0.0004158006,"11":0.0120196827,"12":0.0024414216,"13":3.4779064655,"14":5.7252678871},"val_tp":{"0":69.0,"1":72.0,"2":75.0,"3":73.0,"4":70.0,"5":73.0,"6":74.0,"7":73.0,"8":72.0,"9":71.0,"10":71.0,"11":71.0,"12":75.0,"13":1.0,"14":2.0},"val_fp":{"0":75.0,"1":72.0,"2":69.0,"3":23.0,"4":0.0,"5":0.0,"6":2.0,"7":0.0,"8":0.0,"9":0.0,"10":0.0,"11":1.0,"12":0.0,"13":0.0,"14":0.0},"val_tn":{"0":0.0,"1":0.0,"2":0.0,"3":48.0,"4":74.0,"5":71.0,"6":68.0,"7":71.0,"8":72.0,"9":73.0,"10":73.0,"11":72.0,"12":69.0,"13":71.0,"14":70.0},"val_fn":{"0":0.0,"1":0.0,"2":0.0,"3":0.0,"4":0.0,"5":0.0,"6":0.0,"7":0.0,"8":0.0,"9":0.0,"10":0.0,"11":0.0,"12":0.0,"13":72.0,"14":72.0},"val_accuracy":{"0":0.4791666567,"1":0.5,"2":0.5208333135,"3":0.840277791,"4":1.0,"5":1.0,"6":0.9861111045,"7":1.0,"8":1.0,"9":1.0,"10":1.0,"11":0.993055582,"12":1.0,"13":0.5,"14":0.5},"val_precision":{"0":0.4791666567,"1":0.5,"2":0.5208333135,"3":0.7604166865,"4":1.0,"5":1.0,"6":0.9736841917,"7":1.0,"8":1.0,"9":1.0,"10":1.0,"11":0.9861111045,"12":1.0,"13":1.0,"14":1.0},"val_recall":{"0":1.0,"1":1.0,"2":1.0,"3":1.0,"4":1.0,"5":1.0,"6":1.0,"7":1.0,"8":1.0,"9":1.0,"10":1.0,"11":1.0,"12":1.0,"13":0.01369863,"14":0.0270270277},"val_auc":{"0":0.6177777052,"1":0.5,"2":0.5,"3":0.9929577708,"4":1.0,"5":1.0,"6":1.0,"7":1.0,"8":1.0,"9":1.0,"10":1.0,"11":1.0,"12":1.0,"13":0.7123287916,"14":0.5810810924}}