{"loss":{"0":0.3386929631,"1":0.033468429,"2":0.009624606,"3":0.0001666982,"4":0.006670624,"5":0.0169461537,"6":0.0082909856,"7":0.0006896724,"8":0.0001707643,"9":0.0000282396,"10":0.0000350109,"11":0.0000281967,"12":0.0000217827,"13":0.0000268585,"14":0.0000100486},"tp":{"0":854.0,"1":915.0,"2":923.0,"3":916.0,"4":921.0,"5":925.0,"6":910.0,"7":921.0,"8":917.0,"9":932.0,"10":924.0,"11":914.0,"12":931.0,"13":927.0,"14":900.0},"fp":{"0":60.0,"1":6.0,"2":3.0,"3":0.0,"4":2.0,"5":1.0,"6":1.0,"7":0.0,"8":0.0,"9":0.0,"10":0.0,"11":0.0,"12":0.0,"13":0.0,"14":0.0},"tn":{"0":874.0,"1":930.0,"2":926.0,"3":940.0,"4":929.0,"5":928.0,"6":941.0,"7":935.0,"8":939.0,"9":924.0,"10":932.0,"11":942.0,"12":925.0,"13":929.0,"14":956.0},"fn":{"0":68.0,"1":5.0,"2":4.0,"3":0.0,"4":4.0,"5":2.0,"6":4.0,"7":0.0,"8":0.0,"9":0.0,"10":0.0,"11":0.0,"12":0.0,"13":0.0,"14":0.0},"accuracy":{"0":0.9310345054,"1":0.9940732718,"2":0.9962284565,"3":1.0,"4":0.9967672229,"5":0.9983836412,"6":0.9973060489,"7":1.0,"8":1.0,"9":1.0,"10":1.0,"11":1.0,"12":1.0,"13":1.0,"14":1.0},"precision":{"0":0.9343544841,"1":0.9934853315,"2":0.9967602491,"3":1.0,"4":0.9978331327,"5":0.998920083,"6":0.9989023209,"7":1.0,"8":1.0,"9":1.0,"10":1.0,"11":1.0,"12":1.0,"13":1.0,"14":1.0},"recall":{"0":0.9262472987,"1":0.9945651889,"2":0.9956849813,"3":1.0,"4":0.995675683,"5":0.9978424907,"6":0.9956236482,"7":1.0,"8":1.0,"9":1.0,"10":1.0,"11":1.0,"12":1.0,"13":1.0,"14":1.0},"auc":{"0":0.9704666734,"1":0.9982215762,"2":0.9999471903,"3":1.0,"4":0.9999593496,"5":0.9989061356,"6":0.9999465942,"7":0.9999999404,"8":0.9999999404,"9":1.0,"10":0.9999999404,"11":0.9999999404,"12":1.0,"13":1.0,"14":1.0},"val_loss":{"0":0.2902061343,"1":0.190849483,"2":0.5327577591,"3":0.0669059083,"4":0.0273325425,"5":4.8673305511,"6":0.2742079794,"7":0.1959475279,"8":0.1164893806,"9":0.1167098433,"10":0.1260815412,"11":0.13394925,"12":0.2132000327,"13":0.1199059114,"14":0.1406131536},"val_tp":{"0":71.0,"1":70.0,"2":76.0,"3":68.0,"4":70.0,"5":2.0,"6":62.0,"7":66.0,"8":67.0,"9":67.0,"10":63.0,"11":73.0,"12":67.0,"13":69.0,"14":68.0},"val_fp":{"0":15.0,"1":7.0,"2":23.0,"3":2.0,"4":0.0,"5":0.0,"6":0.0,"7":0.0,"8":0.0,"9":0.0,"10":0.0,"11":0.0,"12":0.0,"13":0.0,"14":0.0},"val_tn":{"0":57.0,"1":64.0,"2":45.0,"3":73.0,"4":73.0,"5":73.0,"6":73.0,"7":71.0,"8":73.0,"9":73.0,"10":77.0,"11":67.0,"12":71.0,"13":71.0,"14":71.0},"val_fn":{"0":1.0,"1":3.0,"2":0.0,"3":1.0,"4":1.0,"5":69.0,"6":9.0,"7":7.0,"8":4.0,"9":4.0,"10":4.0,"11":4.0,"12":6.0,"13":4.0,"14":5.0},"val_accuracy":{"0":0.8888888955,"1":0.930555582,"2":0.840277791,"3":0.9791666865,"4":0.993055582,"5":0.5208333135,"6":0.9375,"7":0.9513888955,"8":0.972222209,"9":0.972222209,"10":0.972222209,"11":0.972222209,"12":0.9583333135,"13":0.972222209,"14":0.965277791},"val_precision":{"0":0.8255813718,"1":0.9090909362,"2":0.7676767707,"3":0.9714285731,"4":1.0,"5":1.0,"6":1.0,"7":1.0,"8":1.0,"9":1.0,"10":1.0,"11":1.0,"12":1.0,"13":1.0,"14":1.0},"val_recall":{"0":0.9861111045,"1":0.9589040875,"2":1.0,"3":0.9855072498,"4":0.985915482,"5":0.0281690136,"6":0.8732394576,"7":0.9041095972,"8":0.9436619878,"9":0.9436619878,"10":0.9402984977,"11":0.9480519295,"12":0.9178082347,"13":0.9452054501,"14":0.9315068722},"val_auc":{"0":0.9850501418,"1":0.9812850952,"2":0.9843265414,"3":0.9978743792,"4":1.0,"5":0.6549295783,"6":0.9718309641,"7":0.9931507111,"8":0.9929577112,"9":0.9929577112,"10":0.9925373197,"11":0.9935064912,"12":0.9863013625,"13":0.9931507111,"14":0.9931507111}}