{"loss":{"0":0.5303251743,"1":0.0154024856,"2":0.0058377874,"3":0.0123941861,"4":0.003251042,"5":0.0006305263,"6":0.00467738,"7":0.0031687487,"8":0.005810665,"9":0.0005546417,"10":0.0133996569,"11":0.0034810393,"12":0.0085215103,"13":0.0105326278,"14":0.0045400164},"tp":{"0":814.0,"1":922.0,"2":915.0,"3":925.0,"4":922.0,"5":919.0,"6":923.0,"7":927.0,"8":907.0,"9":933.0,"10":924.0,"11":938.0,"12":909.0,"13":911.0,"14":918.0},"fp":{"0":88.0,"1":5.0,"2":2.0,"3":2.0,"4":2.0,"5":0.0,"6":3.0,"7":1.0,"8":2.0,"9":0.0,"10":1.0,"11":2.0,"12":3.0,"13":2.0,"14":1.0},"tn":{"0":846.0,"1":923.0,"2":937.0,"3":925.0,"4":931.0,"5":937.0,"6":928.0,"7":927.0,"8":946.0,"9":923.0,"10":927.0,"11":916.0,"12":938.0,"13":940.0,"14":936.0},"fn":{"0":108.0,"1":6.0,"2":2.0,"3":4.0,"4":1.0,"5":0.0,"6":2.0,"7":1.0,"8":1.0,"9":0.0,"10":4.0,"11":0.0,"12":6.0,"13":3.0,"14":1.0},"accuracy":{"0":0.8943965435,"1":0.9940732718,"2":0.9978448153,"3":0.9967672229,"4":0.9983836412,"5":1.0,"6":0.9973060489,"7":0.9989224076,"8":0.9983836412,"9":1.0,"10":0.9973060489,"11":0.9989224076,"12":0.9951508641,"13":0.9973060489,"14":0.9989224076},"precision":{"0":0.9024389982,"1":0.9946062565,"2":0.9978189468,"3":0.9978424907,"4":0.9978355169,"5":1.0,"6":0.9967602491,"7":0.9989224076,"8":0.9977997541,"9":1.0,"10":0.998918891,"11":0.9978723526,"12":0.9967105389,"13":0.9978094101,"14":0.9989118576},"recall":{"0":0.8828633428,"1":0.9935345054,"2":0.9978189468,"3":0.9956942797,"4":0.9989165664,"5":1.0,"6":0.9978378415,"7":0.9989224076,"8":0.998898685,"9":1.0,"10":0.9956896305,"11":1.0,"12":0.993442595,"13":0.996717751,"14":0.9989118576},"auc":{"0":0.949180007,"1":0.9998862147,"2":0.9999836683,"3":0.999356091,"4":0.9999954104,"5":0.9999999404,"6":0.99998945,"7":0.999994278,"8":0.9994499087,"9":1.0,"10":0.9994367957,"11":0.9999954104,"12":0.9999581575,"13":0.9994111657,"14":0.9999912381},"val_loss":{"0":1.4577988386,"1":3.1817946434,"2":2.8611941338,"3":4.6218671799,"4":0.2952517271,"5":0.0704676956,"6":0.3689124584,"7":0.1439231038,"8":1.3629176617,"9":0.0014672191,"10":5.9465069771,"11":0.1114374399,"12":0.2732974589,"13":0.435310632,"14":0.0003208108},"val_tp":{"0":72.0,"1":71.0,"2":73.0,"3":75.0,"4":69.0,"5":71.0,"6":60.0,"7":73.0,"8":39.0,"9":73.0,"10":73.0,"11":71.0,"12":57.0,"13":71.0,"14":71.0},"val_fp":{"0":72.0,"1":73.0,"2":71.0,"3":69.0,"4":12.0,"5":2.0,"6":0.0,"7":7.0,"8":0.0,"9":0.0,"10":71.0,"11":0.0,"12":0.0,"13":15.0,"14":0.0},"val_tn":{"0":0.0,"1":0.0,"2":0.0,"3":0.0,"4":63.0,"5":71.0,"6":70.0,"7":64.0,"8":73.0,"9":71.0,"10":0.0,"11":70.0,"12":73.0,"13":58.0,"14":73.0},"val_fn":{"0":0.0,"1":0.0,"2":0.0,"3":0.0,"4":0.0,"5":0.0,"6":14.0,"7":0.0,"8":32.0,"9":0.0,"10":0.0,"11":3.0,"12":14.0,"13":0.0,"14":0.0},"val_accuracy":{"0":0.5,"1":0.4930555522,"2":0.506944418,"3":0.5208333135,"4":0.9166666865,"5":0.9861111045,"6":0.902777791,"7":0.9513888955,"8":0.777777791,"9":1.0,"10":0.506944418,"11":0.9791666865,"12":0.902777791,"13":0.8958333135,"14":1.0},"val_precision":{"0":0.5,"1":0.4930555522,"2":0.506944418,"3":0.5208333135,"4":0.8518518806,"5":0.972602725,"6":1.0,"7":0.9125000238,"8":1.0,"9":1.0,"10":0.506944418,"11":1.0,"12":1.0,"13":0.8255813718,"14":1.0},"val_recall":{"0":1.0,"1":1.0,"2":1.0,"3":1.0,"4":1.0,"5":1.0,"6":0.8108108044,"7":1.0,"8":0.549295783,"9":1.0,"10":1.0,"11":0.9594594836,"12":0.8028169274,"13":1.0,"14":1.0},"val_auc":{"0":0.7083333135,"1":0.5,"2":0.5862434506,"3":0.5,"4":0.9866666198,"5":0.9931507111,"6":0.9729729891,"7":0.99295789,"8":0.8834652305,"9":1.0,"10":0.5,"11":0.9931466579,"12":0.9926682711,"13":0.979452014,"14":1.0}}