{"loss":{"0":0.9593677521,"1":0.1305985302,"2":0.0492668189,"3":0.0451750718,"4":0.0693461969,"5":0.0169238299,"6":0.0042305635,"7":0.0127623072,"8":0.0202702004,"9":0.0041452488,"10":0.0006997624,"11":0.0004366657,"12":0.0003127781,"13":0.019027397,"14":0.0398055799},"tp":{"0":725.0,"1":880.0,"2":907.0,"3":902.0,"4":902.0,"5":923.0,"6":911.0,"7":936.0,"8":907.0,"9":925.0,"10":923.0,"11":927.0,"12":921.0,"13":922.0,"14":897.0},"fp":{"0":234.0,"1":50.0,"2":21.0,"3":14.0,"4":23.0,"5":6.0,"6":1.0,"7":2.0,"8":5.0,"9":3.0,"10":0.0,"11":0.0,"12":0.0,"13":6.0,"14":16.0},"tn":{"0":696.0,"1":883.0,"2":911.0,"3":925.0,"4":909.0,"5":922.0,"6":943.0,"7":913.0,"8":936.0,"9":928.0,"10":933.0,"11":929.0,"12":935.0,"13":921.0,"14":933.0},"fn":{"0":201.0,"1":43.0,"2":17.0,"3":15.0,"4":22.0,"5":5.0,"6":1.0,"7":5.0,"8":8.0,"9":0.0,"10":0.0,"11":0.0,"12":0.0,"13":7.0,"14":10.0},"accuracy":{"0":0.765625,"1":0.9498922229,"2":0.9795258641,"3":0.984375,"4":0.9757543206,"5":0.9940732718,"6":0.9989224076,"7":0.9962284565,"8":0.9929956794,"9":0.9983836412,"10":1.0,"11":1.0,"12":1.0,"13":0.9929956794,"14":0.9859913588},"precision":{"0":0.75599581,"1":0.9462365508,"2":0.9773706794,"3":0.984716177,"4":0.9751351476,"5":0.9935414195,"6":0.998903513,"7":0.9978678226,"8":0.9945175648,"9":0.9967672229,"10":1.0,"11":1.0,"12":1.0,"13":0.9935345054,"14":0.9824753404},"recall":{"0":0.7829373479,"1":0.9534127712,"2":0.9816017151,"3":0.9836423397,"4":0.9761904478,"5":0.9946120977,"6":0.998903513,"7":0.9946864843,"8":0.9912568331,"9":1.0,"10":1.0,"11":1.0,"12":1.0,"13":0.9924650192,"14":0.9889746308},"auc":{"0":0.8102283478,"1":0.9892819524,"2":0.998770833,"3":0.998255074,"4":0.9966261387,"5":0.9998286963,"6":0.9999952912,"7":0.999907136,"8":0.999745667,"9":0.999997139,"10":1.0,"11":1.0,"12":1.0,"13":0.9998567104,"14":0.9985483885},"val_loss":{"0":1.2613884211,"1":1.2628722191,"2":1.5011773109,"3":0.1592840403,"4":0.0563727207,"5":0.0852647945,"6":0.0685412437,"7":0.3660188913,"8":0.1063368767,"9":0.1358418167,"10":0.0405521244,"11":0.0796673968,"12":0.0208645836,"13":0.5960943699,"14":6.5773215294},"val_tp":{"0":74.0,"1":72.0,"2":73.0,"3":69.0,"4":74.0,"5":68.0,"6":67.0,"7":65.0,"8":69.0,"9":68.0,"10":68.0,"11":70.0,"12":68.0,"13":49.0,"14":0.0},"val_fp":{"0":70.0,"1":72.0,"2":69.0,"3":7.0,"4":2.0,"5":3.0,"6":1.0,"7":1.0,"8":0.0,"9":2.0,"10":1.0,"11":2.0,"12":1.0,"13":0.0,"14":0.0},"val_tn":{"0":0.0,"1":0.0,"2":2.0,"3":66.0,"4":67.0,"5":73.0,"6":75.0,"7":71.0,"8":72.0,"9":71.0,"10":74.0,"11":72.0,"12":75.0,"13":73.0,"14":73.0},"val_fn":{"0":0.0,"1":0.0,"2":0.0,"3":2.0,"4":1.0,"5":0.0,"6":1.0,"7":7.0,"8":3.0,"9":3.0,"10":1.0,"11":0.0,"12":0.0,"13":22.0,"14":71.0},"val_accuracy":{"0":0.5138888955,"1":0.5,"2":0.5208333135,"3":0.9375,"4":0.9791666865,"5":0.9791666865,"6":0.9861111045,"7":0.944444418,"8":0.9791666865,"9":0.965277791,"10":0.9861111045,"11":0.9861111045,"12":0.993055582,"13":0.847222209,"14":0.506944418},"val_precision":{"0":0.5138888955,"1":0.5,"2":0.514084518,"3":0.9078947306,"4":0.9736841917,"5":0.9577465057,"6":0.9852941036,"7":0.9848484993,"8":1.0,"9":0.9714285731,"10":0.9855072498,"11":0.972222209,"12":0.9855072498,"13":1.0,"14":0.0},"val_recall":{"0":1.0,"1":1.0,"2":1.0,"3":0.9718309641,"4":0.9866666794,"5":1.0,"6":0.9852941036,"7":0.902777791,"8":0.9583333135,"9":0.9577465057,"10":0.9855072498,"11":1.0,"12":1.0,"13":0.6901408434,"14":0.0},"val_auc":{"0":0.4926640987,"1":0.702256918,"2":0.9809955955,"3":0.984372139,"4":0.9990337491,"5":0.9933243394,"6":0.9980649948,"7":0.9613233209,"8":0.9925733209,"9":0.9976847172,"10":0.9997101426,"11":0.9931467175,"12":0.999612987,"13":0.9577465057,"14":0.5352112651}}