{"loss":{"0":0.3899577856,"1":0.0088380994,"2":0.0065299096,"3":0.0090760663,"4":0.0018668568,"5":0.0022814383,"6":0.0016390935,"7":0.0002352943,"8":0.0004437361,"9":0.0000662013,"10":0.0000687671,"11":0.0019100294,"12":0.03440281,"13":0.0039572632,"14":0.0016523234},"tp":{"0":848.0,"1":919.0,"2":919.0,"3":912.0,"4":925.0,"5":926.0,"6":930.0,"7":923.0,"8":914.0,"9":929.0,"10":913.0,"11":920.0,"12":919.0,"13":929.0,"14":922.0},"fp":{"0":63.0,"1":4.0,"2":2.0,"3":4.0,"4":1.0,"5":2.0,"6":0.0,"7":0.0,"8":0.0,"9":0.0,"10":0.0,"11":1.0,"12":10.0,"13":2.0,"14":1.0},"tn":{"0":871.0,"1":930.0,"2":933.0,"3":937.0,"4":930.0,"5":928.0,"6":925.0,"7":933.0,"8":942.0,"9":927.0,"10":943.0,"11":935.0,"12":920.0,"13":924.0,"14":932.0},"fn":{"0":74.0,"1":3.0,"2":2.0,"3":3.0,"4":0.0,"5":0.0,"6":1.0,"7":0.0,"8":0.0,"9":0.0,"10":0.0,"11":0.0,"12":7.0,"13":1.0,"14":1.0},"accuracy":{"0":0.9261853695,"1":0.9962284565,"2":0.9978448153,"3":0.9962284565,"4":0.9994612336,"5":0.9989224076,"6":0.9994612336,"7":1.0,"8":1.0,"9":1.0,"10":1.0,"11":0.9994612336,"12":0.9908404946,"13":0.9983836412,"14":0.9989224076},"precision":{"0":0.930845201,"1":0.9956663251,"2":0.997828424,"3":0.9956331849,"4":0.998920083,"5":0.9978448153,"6":1.0,"7":1.0,"8":1.0,"9":1.0,"10":1.0,"11":0.9989142418,"12":0.9892357588,"13":0.997851789,"14":0.9989165664},"recall":{"0":0.9197397232,"1":0.9967461824,"2":0.997828424,"3":0.9967213273,"4":1.0,"5":1.0,"6":0.9989258647,"7":1.0,"8":1.0,"9":1.0,"10":1.0,"11":1.0,"12":0.9924405813,"13":0.9989247322,"14":0.9989165664},"auc":{"0":0.963518858,"1":0.9999593496,"2":0.9999727011,"3":0.9994291663,"4":0.9999977946,"5":0.9999988675,"6":1.0000001192,"7":1.0,"8":1.0,"9":1.0,"10":1.0,"11":0.9999999404,"12":0.9976537824,"13":0.9999930263,"14":0.9999988675},"val_loss":{"0":2.4012482166,"1":2.732670784,"2":2.8083333969,"3":0.4968779385,"4":0.1020099223,"5":0.000441879,"6":0.0030182926,"7":0.0029716543,"8":0.0000405655,"9":0.0000477067,"10":0.0000209219,"11":6.6800327301,"12":0.0568189695,"13":0.0017749672,"14":0.0000619732},"val_tp":{"0":69.0,"1":71.0,"2":71.0,"3":73.0,"4":74.0,"5":70.0,"6":75.0,"7":77.0,"8":73.0,"9":72.0,"10":71.0,"11":74.0,"12":72.0,"13":72.0,"14":77.0},"val_fp":{"0":75.0,"1":73.0,"2":68.0,"3":28.0,"4":5.0,"5":0.0,"6":0.0,"7":0.0,"8":0.0,"9":0.0,"10":0.0,"11":49.0,"12":0.0,"13":0.0,"14":0.0},"val_tn":{"0":0.0,"1":0.0,"2":5.0,"3":43.0,"4":65.0,"5":74.0,"6":69.0,"7":67.0,"8":71.0,"9":72.0,"10":73.0,"11":21.0,"12":71.0,"13":72.0,"14":67.0},"val_fn":{"0":0.0,"1":0.0,"2":0.0,"3":0.0,"4":0.0,"5":0.0,"6":0.0,"7":0.0,"8":0.0,"9":0.0,"10":0.0,"11":0.0,"12":1.0,"13":0.0,"14":0.0},"val_accuracy":{"0":0.4791666567,"1":0.4930555522,"2":0.527777791,"3":0.805555582,"4":0.965277791,"5":1.0,"6":1.0,"7":1.0,"8":1.0,"9":1.0,"10":1.0,"11":0.659722209,"12":0.993055582,"13":1.0,"14":1.0},"val_precision":{"0":0.4791666567,"1":0.4930555522,"2":0.5107913613,"3":0.7227723002,"4":0.9367088675,"5":1.0,"6":1.0,"7":1.0,"8":1.0,"9":1.0,"10":1.0,"11":0.6016260386,"12":1.0,"13":1.0,"14":1.0},"val_recall":{"0":1.0,"1":1.0,"2":1.0,"3":1.0,"4":1.0,"5":1.0,"6":1.0,"7":1.0,"8":1.0,"9":1.0,"10":1.0,"11":1.0,"12":0.9863013625,"13":1.0,"14":1.0},"val_auc":{"0":0.7026087046,"1":0.7226509452,"2":0.6712328792,"3":0.9859156013,"4":1.0,"5":1.0,"6":1.0,"7":1.0,"8":1.0,"9":1.0,"10":1.0,"11":0.7285714149,"12":0.9931507111,"13":1.0,"14":1.0}}