{"loss":{"0":0.9354928136,"1":0.0191466156,"2":0.013978865,"3":0.007711241,"4":0.0197421294,"5":0.0042023612,"6":0.0002848336,"7":0.001191051,"8":0.000162391,"9":0.0027526515,"10":0.0077028652,"11":0.0023272971,"12":0.0000989632,"13":0.0104042813,"14":0.0287223458},"tp":{"0":837.0,"1":919.0,"2":915.0,"3":908.0,"4":937.0,"5":925.0,"6":924.0,"7":919.0,"8":921.0,"9":911.0,"10":929.0,"11":914.0,"12":937.0,"13":925.0,"14":906.0},"fp":{"0":83.0,"1":6.0,"2":3.0,"3":1.0,"4":4.0,"5":2.0,"6":0.0,"7":1.0,"8":0.0,"9":1.0,"10":2.0,"11":1.0,"12":0.0,"13":3.0,"14":5.0},"tn":{"0":851.0,"1":924.0,"2":934.0,"3":944.0,"4":913.0,"5":929.0,"6":932.0,"7":936.0,"8":935.0,"9":942.0,"10":922.0,"11":940.0,"12":919.0,"13":927.0,"14":938.0},"fn":{"0":85.0,"1":7.0,"2":4.0,"3":3.0,"4":2.0,"5":0.0,"6":0.0,"7":0.0,"8":0.0,"9":2.0,"10":3.0,"11":1.0,"12":0.0,"13":1.0,"14":7.0},"accuracy":{"0":0.9094827771,"1":0.9929956794,"2":0.9962284565,"3":0.9978448153,"4":0.9967672229,"5":0.9989224076,"6":1.0,"7":0.9994612336,"8":1.0,"9":0.9983836412,"10":0.9973060489,"11":0.9989224076,"12":1.0,"13":0.9978448153,"14":0.9935345054},"precision":{"0":0.9097825885,"1":0.9935135245,"2":0.9967319965,"3":0.9988998771,"4":0.9957491755,"5":0.9978424907,"6":1.0,"7":0.9989130497,"8":1.0,"9":0.998903513,"10":0.997851789,"11":0.9989070892,"12":1.0,"13":0.9967672229,"14":0.9945115447},"recall":{"0":0.9078091383,"1":0.9924405813,"2":0.9956474304,"3":0.996706903,"4":0.9978700876,"5":1.0,"6":1.0,"7":1.0,"8":1.0,"9":0.9978094101,"10":0.9967811108,"11":0.9989070892,"12":1.0,"13":0.998920083,"14":0.9923329949},"auc":{"0":0.9491126537,"1":0.9992828369,"2":0.9993956089,"3":0.9999600053,"4":0.9982962608,"5":0.999982655,"6":1.0,"7":1.0,"8":1.0,"9":0.9999953508,"10":0.9994322062,"11":0.9999964833,"12":1.0,"13":0.9983773232,"14":0.9982624054},"val_loss":{"0":0.6744089127,"1":1.5451653004,"2":0.3184893429,"3":1.0445636511,"4":0.003790393,"5":0.0001553021,"6":0.0003335796,"7":0.0004776908,"8":0.0004777502,"9":0.0054476028,"10":0.0001927311,"11":0.0000653638,"12":0.0003457798,"13":0.1526821852,"14":0.0168370549},"val_tp":{"0":71.0,"1":70.0,"2":74.0,"3":69.0,"4":74.0,"5":71.0,"6":70.0,"7":73.0,"8":70.0,"9":73.0,"10":70.0,"11":74.0,"12":73.0,"13":69.0,"14":70.0},"val_fp":{"0":73.0,"1":74.0,"2":23.0,"3":47.0,"4":0.0,"5":0.0,"6":0.0,"7":0.0,"8":0.0,"9":0.0,"10":0.0,"11":0.0,"12":0.0,"13":2.0,"14":0.0},"val_tn":{"0":0.0,"1":0.0,"2":47.0,"3":28.0,"4":70.0,"5":73.0,"6":74.0,"7":71.0,"8":74.0,"9":70.0,"10":74.0,"11":70.0,"12":71.0,"13":73.0,"14":73.0},"val_fn":{"0":0.0,"1":0.0,"2":0.0,"3":0.0,"4":0.0,"5":0.0,"6":0.0,"7":0.0,"8":0.0,"9":1.0,"10":0.0,"11":0.0,"12":0.0,"13":0.0,"14":1.0},"val_accuracy":{"0":0.4930555522,"1":0.4861111045,"2":0.840277791,"3":0.6736111045,"4":1.0,"5":1.0,"6":1.0,"7":1.0,"8":1.0,"9":0.993055582,"10":1.0,"11":1.0,"12":1.0,"13":0.9861111045,"14":0.993055582},"val_precision":{"0":0.4930555522,"1":0.4861111045,"2":0.7628865838,"3":0.5948275924,"4":1.0,"5":1.0,"6":1.0,"7":1.0,"8":1.0,"9":1.0,"10":1.0,"11":1.0,"12":1.0,"13":0.9718309641,"14":1.0},"val_recall":{"0":1.0,"1":1.0,"2":1.0,"3":1.0,"4":1.0,"5":1.0,"6":1.0,"7":1.0,"8":1.0,"9":0.9864864945,"10":1.0,"11":1.0,"12":1.0,"13":1.0,"14":0.985915482},"val_auc":{"0":0.8205672503,"1":0.9749034643,"2":0.997297287,"3":0.9600000381,"4":1.0000001192,"5":1.0,"6":1.0,"7":1.0,"8":1.0,"9":1.0,"10":1.0,"11":1.0,"12":1.0,"13":0.9933333397,"14":1.0}}