{"loss":{"0":0.9035016298,"1":0.1272456199,"2":0.0525049642,"3":0.03312831,"4":0.0132411774,"5":0.0059560239,"6":0.0184814893,"7":0.0164014585,"8":0.019381145,"9":0.045758158,"10":0.0101308841,"11":0.0050719036,"12":0.0075467075,"13":0.0049332972,"14":0.0328004807},"tp":{"0":732.0,"1":881.0,"2":899.0,"3":903.0,"4":923.0,"5":922.0,"6":900.0,"7":935.0,"8":912.0,"9":911.0,"10":918.0,"11":915.0,"12":919.0,"13":916.0,"14":914.0},"fp":{"0":191.0,"1":44.0,"2":15.0,"3":8.0,"4":5.0,"5":0.0,"6":7.0,"7":6.0,"8":5.0,"9":14.0,"10":4.0,"11":2.0,"12":1.0,"13":2.0,"14":11.0},"tn":{"0":740.0,"1":892.0,"2":919.0,"3":929.0,"4":926.0,"5":930.0,"6":941.0,"7":912.0,"8":932.0,"9":916.0,"10":930.0,"11":938.0,"12":933.0,"13":936.0,"14":923.0},"fn":{"0":193.0,"1":39.0,"2":23.0,"3":16.0,"4":2.0,"5":4.0,"6":8.0,"7":3.0,"8":7.0,"9":15.0,"10":4.0,"11":1.0,"12":3.0,"13":2.0,"14":8.0},"accuracy":{"0":0.7931034565,"1":0.9552801847,"2":0.9795258641,"3":0.9870689511,"4":0.9962284565,"5":0.9978448153,"6":0.991918087,"7":0.9951508641,"8":0.9935345054,"9":0.984375,"10":0.9956896305,"11":0.9983836412,"12":0.9978448153,"13":0.9978448153,"14":0.9897629023},"precision":{"0":0.7930660844,"1":0.9524324536,"2":0.9835886359,"3":0.9912184477,"4":0.9946120977,"5":1.0,"6":0.9922822714,"7":0.9936237931,"8":0.9945474267,"9":0.9848648906,"10":0.9956616163,"11":0.9978189468,"12":0.9989130497,"13":0.997821331,"14":0.9881080985},"recall":{"0":0.791351378,"1":0.9576086998,"2":0.9750542045,"3":0.9825897813,"4":0.9978378415,"5":0.9956803322,"6":0.9911894202,"7":0.996801734,"8":0.9923830032,"9":0.9838013053,"10":0.9956616163,"11":0.9989082813,"12":0.9967461824,"13":0.997821331,"14":0.9913232327},"auc":{"0":0.8427009583,"1":0.9896256924,"2":0.9982790947,"3":0.9993194938,"4":0.9998804331,"5":0.9999906421,"6":0.9997979999,"7":0.9992892742,"8":0.9987719059,"9":0.9980677366,"10":0.9999442697,"11":0.9999761581,"12":0.9999639392,"13":0.9999761581,"14":0.9989978671},"val_loss":{"0":1.4169689417,"1":1.3783967495,"2":2.1594467163,"3":0.0982075036,"4":0.135750711,"5":0.0860429108,"6":0.4622753561,"7":0.1492519677,"8":0.2557817698,"9":0.1303849369,"10":0.1472560167,"11":0.178042382,"12":0.2428200841,"13":0.2469605803,"14":2.9301836491},"val_tp":{"0":72.0,"1":74.0,"2":69.0,"3":66.0,"4":69.0,"5":74.0,"6":70.0,"7":74.0,"8":72.0,"9":69.0,"10":66.0,"11":70.0,"12":72.0,"13":66.0,"14":14.0},"val_fp":{"0":72.0,"1":70.0,"2":75.0,"3":2.0,"4":4.0,"5":3.0,"6":17.0,"7":5.0,"8":10.0,"9":6.0,"10":0.0,"11":1.0,"12":0.0,"13":0.0,"14":0.0},"val_tn":{"0":0.0,"1":0.0,"2":0.0,"3":74.0,"4":68.0,"5":67.0,"6":56.0,"7":65.0,"8":60.0,"9":68.0,"10":75.0,"11":70.0,"12":69.0,"13":72.0,"14":68.0},"val_fn":{"0":0.0,"1":0.0,"2":0.0,"3":2.0,"4":3.0,"5":0.0,"6":1.0,"7":0.0,"8":2.0,"9":1.0,"10":3.0,"11":3.0,"12":3.0,"13":6.0,"14":62.0},"val_accuracy":{"0":0.5,"1":0.5138888955,"2":0.4791666567,"3":0.972222209,"4":0.9513888955,"5":0.9791666865,"6":0.875,"7":0.965277791,"8":0.9166666865,"9":0.9513888955,"10":0.9791666865,"11":0.972222209,"12":0.9791666865,"13":0.9583333135,"14":0.569444418},"val_precision":{"0":0.5,"1":0.5138888955,"2":0.4791666567,"3":0.9705882072,"4":0.9452054501,"5":0.9610389471,"6":0.8045976758,"7":0.9367088675,"8":0.8780487776,"9":0.9200000167,"10":1.0,"11":0.985915482,"12":1.0,"13":1.0,"14":1.0},"val_recall":{"0":1.0,"1":1.0,"2":1.0,"3":0.9705882072,"4":0.9583333135,"5":1.0,"6":0.985915482,"7":1.0,"8":0.9729729891,"9":0.9857142568,"10":0.9565217495,"11":0.9589040875,"12":0.9599999785,"13":0.9166666865,"14":0.184210524},"val_auc":{"0":0.5796681643,"1":0.5910231471,"2":0.8375845551,"3":0.9941949844,"4":0.9816743135,"5":0.9994208813,"6":0.9759792686,"7":0.991891861,"8":0.9803088307,"9":0.9979729652,"10":0.9917874932,"11":0.9919930696,"12":0.9864734411,"13":0.9861111045,"14":0.7763158083}}