{"loss":{"0":0.4437612295,"1":0.0244352873,"2":0.0122651728,"3":0.0076356232,"4":0.0057089385,"5":0.0087549081,"6":0.0179984327,"7":0.0025217398,"8":0.0007363675,"9":0.0012298747,"10":0.0001619163,"11":0.0003682392,"12":0.0001495296,"13":0.0000739201,"14":0.0000686075},"tp":{"0":859.0,"1":921.0,"2":918.0,"3":916.0,"4":921.0,"5":907.0,"6":930.0,"7":915.0,"8":925.0,"9":927.0,"10":927.0,"11":922.0,"12":918.0,"13":918.0,"14":934.0},"fp":{"0":71.0,"1":7.0,"2":1.0,"3":3.0,"4":1.0,"5":2.0,"6":5.0,"7":1.0,"8":0.0,"9":1.0,"10":0.0,"11":0.0,"12":0.0,"13":0.0,"14":0.0},"tn":{"0":858.0,"1":925.0,"2":934.0,"3":937.0,"4":933.0,"5":945.0,"6":917.0,"7":939.0,"8":931.0,"9":927.0,"10":929.0,"11":934.0,"12":938.0,"13":938.0,"14":922.0},"fn":{"0":68.0,"1":3.0,"2":3.0,"3":0.0,"4":1.0,"5":2.0,"6":4.0,"7":1.0,"8":0.0,"9":1.0,"10":0.0,"11":0.0,"12":0.0,"13":0.0,"14":0.0},"accuracy":{"0":0.9251077771,"1":0.9946120977,"2":0.9978448153,"3":0.9983836412,"4":0.9989224076,"5":0.9978448153,"6":0.9951508641,"7":0.9989224076,"8":1.0,"9":0.9989224076,"10":1.0,"11":1.0,"12":1.0,"13":1.0,"14":1.0},"precision":{"0":0.9236559272,"1":0.992456913,"2":0.9989118576,"3":0.9967355728,"4":0.9989153743,"5":0.9977997541,"6":0.9946523905,"7":0.9989082813,"8":1.0,"9":0.9989224076,"10":1.0,"11":1.0,"12":1.0,"13":1.0,"14":1.0},"recall":{"0":0.9266451001,"1":0.9967532754,"2":0.9967426658,"3":1.0,"4":0.9989153743,"5":0.9977997541,"6":0.9957173467,"7":0.9989082813,"8":1.0,"9":0.9989224076,"10":1.0,"11":1.0,"12":1.0,"13":1.0,"14":1.0},"auc":{"0":0.9655740857,"1":0.9987492561,"2":0.9994037151,"3":0.99996984,"4":0.999446094,"5":0.9999244809,"6":0.9987929463,"7":0.9999977946,"8":1.0,"9":0.9999988675,"10":0.9999999404,"11":1.0,"12":0.9999999404,"13":0.9999999404,"14":1.0},"val_loss":{"0":0.7103593946,"1":0.7834809422,"2":0.1143762767,"3":0.0237317849,"4":0.0141294049,"5":0.005119496,"6":0.0572643802,"7":0.0014600377,"8":0.0039014416,"9":0.0060468139,"10":0.0011055388,"11":0.0001237319,"12":0.0000061172,"13":0.0000031503,"14":0.0000072606},"val_tp":{"0":4.0,"1":12.0,"2":65.0,"3":67.0,"4":73.0,"5":69.0,"6":69.0,"7":70.0,"8":76.0,"9":68.0,"10":70.0,"11":74.0,"12":74.0,"13":76.0,"14":72.0},"val_fp":{"0":0.0,"1":0.0,"2":0.0,"3":0.0,"4":0.0,"5":0.0,"6":0.0,"7":0.0,"8":0.0,"9":0.0,"10":0.0,"11":0.0,"12":0.0,"13":0.0,"14":0.0},"val_tn":{"0":74.0,"1":69.0,"2":75.0,"3":76.0,"4":71.0,"5":75.0,"6":72.0,"7":74.0,"8":68.0,"9":75.0,"10":74.0,"11":70.0,"12":70.0,"13":68.0,"14":72.0},"val_fn":{"0":66.0,"1":63.0,"2":4.0,"3":1.0,"4":0.0,"5":0.0,"6":3.0,"7":0.0,"8":0.0,"9":1.0,"10":0.0,"11":0.0,"12":0.0,"13":0.0,"14":0.0},"val_accuracy":{"0":0.5416666865,"1":0.5625,"2":0.972222209,"3":0.993055582,"4":1.0,"5":1.0,"6":0.9791666865,"7":1.0,"8":1.0,"9":0.993055582,"10":1.0,"11":1.0,"12":1.0,"13":1.0,"14":1.0},"val_precision":{"0":1.0,"1":1.0,"2":1.0,"3":1.0,"4":1.0,"5":1.0,"6":1.0,"7":1.0,"8":1.0,"9":1.0,"10":1.0,"11":1.0,"12":1.0,"13":1.0,"14":1.0},"val_recall":{"0":0.0571428575,"1":0.1599999964,"2":0.9420289993,"3":0.9852941036,"4":1.0,"5":1.0,"6":0.9583333135,"7":1.0,"8":1.0,"9":0.9855072498,"10":1.0,"11":1.0,"12":1.0,"13":1.0,"14":1.0},"val_auc":{"0":0.9766409397,"1":0.9959420562,"2":1.0,"3":0.9999998808,"4":1.0,"5":1.0,"6":1.0,"7":1.0,"8":1.0,"9":1.0,"10":1.0,"11":1.0,"12":1.0,"13":1.0,"14":1.0}}