{"loss":{"0":0.9842639565,"1":0.0148607371,"2":0.0040041399,"3":0.0054398524,"4":0.0131215667,"5":0.0106734326,"6":0.0001165573,"7":0.0001367807,"8":0.0001556421,"9":0.0032457211,"10":0.0021397034,"11":0.000282992,"12":0.0001442118,"13":0.0000801128,"14":0.0000620398},"tp":{"0":807.0,"1":918.0,"2":915.0,"3":922.0,"4":929.0,"5":916.0,"6":928.0,"7":924.0,"8":916.0,"9":923.0,"10":921.0,"11":922.0,"12":920.0,"13":932.0,"14":924.0},"fp":{"0":108.0,"1":4.0,"2":1.0,"3":2.0,"4":5.0,"5":4.0,"6":0.0,"7":0.0,"8":0.0,"9":1.0,"10":0.0,"11":0.0,"12":0.0,"13":0.0,"14":0.0},"tn":{"0":822.0,"1":929.0,"2":939.0,"3":931.0,"4":918.0,"5":934.0,"6":928.0,"7":932.0,"8":940.0,"9":931.0,"10":934.0,"11":934.0,"12":936.0,"13":924.0,"14":932.0},"fn":{"0":119.0,"1":5.0,"2":1.0,"3":1.0,"4":4.0,"5":2.0,"6":0.0,"7":0.0,"8":0.0,"9":1.0,"10":1.0,"11":0.0,"12":0.0,"13":0.0,"14":0.0},"accuracy":{"0":0.8776939511,"1":0.9951508641,"2":0.9989224076,"3":0.9983836412,"4":0.9951508641,"5":0.9967672229,"6":1.0,"7":1.0,"8":1.0,"9":0.9989224076,"10":0.9994612336,"11":1.0,"12":1.0,"13":1.0,"14":1.0},"precision":{"0":0.8819671869,"1":0.9956616163,"2":0.9989082813,"3":0.9978355169,"4":0.9946466684,"5":0.9956521988,"6":1.0,"7":1.0,"8":1.0,"9":0.9989177585,"10":1.0,"11":1.0,"12":1.0,"13":1.0,"14":1.0},"recall":{"0":0.8714902997,"1":0.9945828915,"2":0.9989082813,"3":0.9989165664,"4":0.9957127571,"5":0.997821331,"6":1.0,"7":1.0,"8":1.0,"9":0.9989177585,"10":0.9989153743,"11":1.0,"12":1.0,"13":1.0,"14":1.0},"auc":{"0":0.9248979092,"1":0.9998577237,"2":0.9999965429,"3":0.9999901652,"4":0.9998775125,"5":0.9999343157,"6":1.0,"7":0.9999999404,"8":1.0,"9":0.9999959469,"10":0.999997735,"11":1.0,"12":1.0,"13":0.9999999404,"14":1.0},"val_loss":{"0":1.6521121264,"1":1.7099386454,"2":1.6276974678,"3":0.0924602672,"4":0.0123270396,"5":0.038997069,"6":0.0323959142,"7":0.0212930664,"8":0.018590726,"9":1.6988646984,"10":0.0010589645,"11":0.0039632972,"12":0.0045272317,"13":0.006426556,"14":0.0037622266},"val_tp":{"0":71.0,"1":70.0,"2":71.0,"3":71.0,"4":74.0,"5":67.0,"6":68.0,"7":72.0,"8":70.0,"9":19.0,"10":72.0,"11":73.0,"12":74.0,"13":74.0,"14":64.0},"val_fp":{"0":73.0,"1":74.0,"2":73.0,"3":3.0,"4":1.0,"5":0.0,"6":0.0,"7":0.0,"8":0.0,"9":0.0,"10":0.0,"11":0.0,"12":0.0,"13":0.0,"14":0.0},"val_tn":{"0":0.0,"1":0.0,"2":0.0,"3":70.0,"4":69.0,"5":75.0,"6":73.0,"7":71.0,"8":73.0,"9":71.0,"10":72.0,"11":71.0,"12":70.0,"13":70.0,"14":80.0},"val_fn":{"0":0.0,"1":0.0,"2":0.0,"3":0.0,"4":0.0,"5":2.0,"6":3.0,"7":1.0,"8":1.0,"9":54.0,"10":0.0,"11":0.0,"12":0.0,"13":0.0,"14":0.0},"val_accuracy":{"0":0.4930555522,"1":0.4861111045,"2":0.4930555522,"3":0.9791666865,"4":0.993055582,"5":0.9861111045,"6":0.9791666865,"7":0.993055582,"8":0.993055582,"9":0.625,"10":1.0,"11":1.0,"12":1.0,"13":1.0,"14":1.0},"val_precision":{"0":0.4930555522,"1":0.4861111045,"2":0.4930555522,"3":0.9594594836,"4":0.9866666794,"5":1.0,"6":1.0,"7":1.0,"8":1.0,"9":1.0,"10":1.0,"11":1.0,"12":1.0,"13":1.0,"14":1.0},"val_recall":{"0":1.0,"1":1.0,"2":1.0,"3":1.0,"4":1.0,"5":0.9710144997,"6":0.9577465057,"7":0.9863013625,"8":0.985915482,"9":0.2602739632,"10":1.0,"11":1.0,"12":1.0,"13":1.0,"14":1.0},"val_auc":{"0":0.7972217202,"1":0.8580115438,"2":0.9441443086,"3":1.0,"4":1.0,"5":1.0,"6":1.0,"7":1.0,"8":1.0,"9":0.8698630333,"10":1.0,"11":1.0,"12":1.0,"13":1.0,"14":1.0}}