{"loss":{"0":0.2780633271,"1":0.0687652603,"2":0.0161079243,"3":0.0085257599,"4":0.0225394722,"5":0.0041831392,"6":0.0003198677,"7":0.0001706255,"8":0.0001125446,"9":0.0001361701,"10":0.000130337,"11":0.0000220306,"12":0.0000481168,"13":0.0000271925,"14":0.0000109225},"tp":{"0":873.0,"1":912.0,"2":927.0,"3":925.0,"4":912.0,"5":922.0,"6":925.0,"7":928.0,"8":913.0,"9":921.0,"10":915.0,"11":938.0,"12":916.0,"13":925.0,"14":935.0},"fp":{"0":51.0,"1":7.0,"2":6.0,"3":2.0,"4":5.0,"5":3.0,"6":0.0,"7":0.0,"8":0.0,"9":0.0,"10":0.0,"11":0.0,"12":0.0,"13":0.0,"14":0.0},"tn":{"0":884.0,"1":927.0,"2":919.0,"3":928.0,"4":936.0,"5":929.0,"6":931.0,"7":928.0,"8":943.0,"9":935.0,"10":941.0,"11":918.0,"12":940.0,"13":931.0,"14":921.0},"fn":{"0":48.0,"1":10.0,"2":4.0,"3":1.0,"4":3.0,"5":2.0,"6":0.0,"7":0.0,"8":0.0,"9":0.0,"10":0.0,"11":0.0,"12":0.0,"13":0.0,"14":0.0},"accuracy":{"0":0.9466595054,"1":0.9908404946,"2":0.9946120977,"3":0.9983836412,"4":0.9956896305,"5":0.9973060489,"6":1.0,"7":1.0,"8":1.0,"9":1.0,"10":1.0,"11":1.0,"12":1.0,"13":1.0,"14":1.0},"precision":{"0":0.9448052049,"1":0.9923830032,"2":0.9935691357,"3":0.9978424907,"4":0.9945474267,"5":0.9967567325,"6":1.0,"7":1.0,"8":1.0,"9":1.0,"10":1.0,"11":1.0,"12":1.0,"13":1.0,"14":1.0},"recall":{"0":0.9478827119,"1":0.9891540408,"2":0.9957035184,"3":0.998920083,"4":0.9967213273,"5":0.9978355169,"6":1.0,"7":1.0,"8":1.0,"9":1.0,"10":1.0,"11":1.0,"12":1.0,"13":1.0,"14":1.0},"auc":{"0":0.9801470637,"1":0.9975207448,"2":0.9993643761,"3":0.9994466901,"4":0.9987875819,"5":0.9999890327,"6":1.0,"7":1.0,"8":1.0,"9":1.0,"10":0.9999999404,"11":1.0,"12":0.9999999404,"13":1.0,"14":1.0},"val_loss":{"0":0.6667206883,"1":0.2843381166,"2":0.0394015089,"3":0.0197704546,"4":0.0073610693,"5":0.0003418224,"6":0.0002151284,"7":0.0003073104,"8":0.0002496946,"9":0.0001573492,"10":0.0001045437,"11":0.0001138625,"12":0.0001479229,"13":0.0001242171,"14":0.0001077067},"val_tp":{"0":11.0,"1":72.0,"2":71.0,"3":73.0,"4":67.0,"5":70.0,"6":72.0,"7":72.0,"8":71.0,"9":72.0,"10":73.0,"11":75.0,"12":70.0,"13":71.0,"14":73.0},"val_fp":{"0":0.0,"1":27.0,"2":0.0,"3":0.0,"4":0.0,"5":0.0,"6":0.0,"7":0.0,"8":0.0,"9":0.0,"10":0.0,"11":0.0,"12":0.0,"13":0.0,"14":0.0},"val_tn":{"0":75.0,"1":45.0,"2":73.0,"3":71.0,"4":77.0,"5":74.0,"6":72.0,"7":72.0,"8":73.0,"9":72.0,"10":71.0,"11":69.0,"12":74.0,"13":73.0,"14":71.0},"val_fn":{"0":58.0,"1":0.0,"2":0.0,"3":0.0,"4":0.0,"5":0.0,"6":0.0,"7":0.0,"8":0.0,"9":0.0,"10":0.0,"11":0.0,"12":0.0,"13":0.0,"14":0.0},"val_accuracy":{"0":0.597222209,"1":0.8125,"2":1.0,"3":1.0,"4":1.0,"5":1.0,"6":1.0,"7":1.0,"8":1.0,"9":1.0,"10":1.0,"11":1.0,"12":1.0,"13":1.0,"14":1.0},"val_precision":{"0":1.0,"1":0.7272727489,"2":1.0,"3":1.0,"4":1.0,"5":1.0,"6":1.0,"7":1.0,"8":1.0,"9":1.0,"10":1.0,"11":1.0,"12":1.0,"13":1.0,"14":1.0},"val_recall":{"0":0.1594202965,"1":1.0,"2":1.0,"3":1.0,"4":1.0,"5":1.0,"6":1.0,"7":1.0,"8":1.0,"9":1.0,"10":1.0,"11":1.0,"12":1.0,"13":1.0,"14":1.0},"val_auc":{"0":0.9721738696,"1":0.9952738881,"2":1.0,"3":0.9999999404,"4":1.0,"5":1.0,"6":1.0,"7":1.0,"8":1.0,"9":1.0,"10":1.0,"11":1.0,"12":1.0,"13":1.0,"14":1.0}}