{"loss":{"0":0.2489938438,"1":0.0076469821,"2":0.0069145756,"3":0.0067819473,"4":0.0059030782,"5":0.0147897117,"6":0.0106625399,"7":0.0095671974,"8":0.0018957395,"9":0.0020092418,"10":0.0081394538,"11":0.0044681886,"12":0.0001259822,"13":0.0025193349,"14":0.0000209501},"tp":{"0":886.0,"1":927.0,"2":929.0,"3":920.0,"4":910.0,"5":937.0,"6":915.0,"7":919.0,"8":930.0,"9":920.0,"10":932.0,"11":918.0,"12":910.0,"13":924.0,"14":926.0},"fp":{"0":38.0,"1":4.0,"2":3.0,"3":3.0,"4":3.0,"5":5.0,"6":5.0,"7":5.0,"8":1.0,"9":1.0,"10":2.0,"11":1.0,"12":0.0,"13":1.0,"14":0.0},"tn":{"0":897.0,"1":925.0,"2":923.0,"3":932.0,"4":943.0,"5":912.0,"6":934.0,"7":930.0,"8":924.0,"9":934.0,"10":920.0,"11":937.0,"12":946.0,"13":931.0,"14":930.0},"fn":{"0":35.0,"1":0.0,"2":1.0,"3":1.0,"4":0.0,"5":2.0,"6":2.0,"7":2.0,"8":1.0,"9":1.0,"10":2.0,"11":0.0,"12":0.0,"13":0.0,"14":0.0},"accuracy":{"0":0.960668087,"1":0.9978448153,"2":0.9978448153,"3":0.9978448153,"4":0.9983836412,"5":0.9962284565,"6":0.9962284565,"7":0.9962284565,"8":0.9989224076,"9":0.9989224076,"10":0.9978448153,"11":0.9994612336,"12":1.0,"13":0.9994612336,"14":1.0},"precision":{"0":0.958874464,"1":0.9957035184,"2":0.9967811108,"3":0.9967497587,"4":0.9967141151,"5":0.9946921468,"6":0.9945651889,"7":0.9945887327,"8":0.9989258647,"9":0.9989142418,"10":0.9978586435,"11":0.9989118576,"12":1.0,"13":0.998918891,"14":1.0},"recall":{"0":0.961997807,"1":1.0,"2":0.9989247322,"3":0.9989142418,"4":1.0,"5":0.9978700876,"6":0.9978189468,"7":0.997828424,"8":0.9989258647,"9":0.9989142418,"10":0.9978586435,"11":1.0,"12":1.0,"13":1.0,"14":1.0},"auc":{"0":0.9824476242,"1":0.9999116659,"2":0.9994263053,"3":0.9999158382,"4":0.9999691844,"5":0.9993914962,"6":0.9988833666,"7":0.9994188547,"8":0.9999989271,"9":0.999997735,"10":0.9999536276,"11":0.999463439,"12":1.0,"13":0.9999929667,"14":1.0},"val_loss":{"0":2.7658143044,"1":4.8394665718,"2":1.2718729973,"3":0.3257122934,"4":5.6183772087,"5":5.1024575233,"6":0.1904828548,"7":0.1303547174,"8":0.1600677818,"9":0.3795573413,"10":0.6194727421,"11":0.0300052725,"12":0.0544850379,"13":0.0569697618,"14":0.0928074718},"val_tp":{"0":68.0,"1":73.0,"2":69.0,"3":74.0,"4":73.0,"5":73.0,"6":71.0,"7":73.0,"8":73.0,"9":75.0,"10":70.0,"11":73.0,"12":69.0,"13":69.0,"14":72.0},"val_fp":{"0":76.0,"1":71.0,"2":46.0,"3":11.0,"4":57.0,"5":35.0,"6":5.0,"7":2.0,"8":3.0,"9":7.0,"10":16.0,"11":1.0,"12":2.0,"13":1.0,"14":2.0},"val_tn":{"0":0.0,"1":0.0,"2":29.0,"3":59.0,"4":14.0,"5":36.0,"6":68.0,"7":69.0,"8":68.0,"9":62.0,"10":58.0,"11":70.0,"12":73.0,"13":74.0,"14":70.0},"val_fn":{"0":0.0,"1":0.0,"2":0.0,"3":0.0,"4":0.0,"5":0.0,"6":0.0,"7":0.0,"8":0.0,"9":0.0,"10":0.0,"11":0.0,"12":0.0,"13":0.0,"14":0.0},"val_accuracy":{"0":0.472222209,"1":0.506944418,"2":0.680555582,"3":0.9236111045,"4":0.6041666865,"5":0.756944418,"6":0.965277791,"7":0.9861111045,"8":0.9791666865,"9":0.9513888955,"10":0.8888888955,"11":0.993055582,"12":0.9861111045,"13":0.993055582,"14":0.9861111045},"val_precision":{"0":0.472222209,"1":0.506944418,"2":0.6000000238,"3":0.870588243,"4":0.5615384579,"5":0.6759259105,"6":0.9342105389,"7":0.9733333588,"8":0.9605262876,"9":0.9146341681,"10":0.8139534593,"11":0.9864864945,"12":0.9718309641,"13":0.9857142568,"14":0.9729729891},"val_recall":{"0":1.0,"1":1.0,"2":1.0,"3":1.0,"4":1.0,"5":1.0,"6":1.0,"7":1.0,"8":1.0,"9":1.0,"10":1.0,"11":1.0,"12":1.0,"13":1.0,"14":1.0},"val_auc":{"0":0.4934210479,"1":0.5,"2":0.8866665959,"3":0.9785714149,"4":0.6901408434,"5":0.7887324095,"6":0.9863014221,"7":0.9902566075,"8":0.9859155416,"9":0.963768065,"10":0.945945859,"11":0.9988423586,"12":0.9996135235,"13":0.9908212423,"14":0.993055582}}