{"loss":{"0":0.7453675866,"1":0.1329488307,"2":0.057748545,"3":0.0869131088,"4":0.0228963364,"5":0.0117599098,"6":0.0269617029,"7":0.0100140003,"8":0.0015780879,"9":0.0002920635,"10":0.0002233351,"11":0.0001338716,"12":0.0001542579,"13":0.0000921495,"14":0.0000615318},"tp":{"0":729.0,"1":881.0,"2":906.0,"3":886.0,"4":918.0,"5":914.0,"6":919.0,"7":922.0,"8":922.0,"9":922.0,"10":932.0,"11":921.0,"12":927.0,"13":913.0,"14":927.0},"fp":{"0":207.0,"1":45.0,"2":19.0,"3":28.0,"4":5.0,"5":3.0,"6":11.0,"7":2.0,"8":0.0,"9":0.0,"10":0.0,"11":0.0,"12":0.0,"13":0.0,"14":0.0},"tn":{"0":723.0,"1":889.0,"2":914.0,"3":907.0,"4":923.0,"5":935.0,"6":915.0,"7":929.0,"8":934.0,"9":934.0,"10":924.0,"11":935.0,"12":929.0,"13":943.0,"14":929.0},"fn":{"0":197.0,"1":41.0,"2":17.0,"3":35.0,"4":10.0,"5":4.0,"6":11.0,"7":3.0,"8":0.0,"9":0.0,"10":0.0,"11":0.0,"12":0.0,"13":0.0,"14":0.0},"accuracy":{"0":0.7823275924,"1":0.9536637664,"2":0.9806034565,"3":0.9660560489,"4":0.991918087,"5":0.9962284565,"6":0.9881465435,"7":0.9973060489,"8":1.0,"9":1.0,"10":1.0,"11":1.0,"12":1.0,"13":1.0,"14":1.0},"precision":{"0":0.7788461447,"1":0.9514039159,"2":0.9794594646,"3":0.969365418,"4":0.9945828915,"5":0.9967284799,"6":0.9881720543,"7":0.9978355169,"8":1.0,"9":1.0,"10":1.0,"11":1.0,"12":1.0,"13":1.0,"14":1.0},"recall":{"0":0.7872570157,"1":0.9555314779,"2":0.9815818071,"3":0.961997807,"4":0.9892241359,"5":0.9956427217,"6":0.9881720543,"7":0.9967567325,"8":1.0,"9":1.0,"10":1.0,"11":1.0,"12":1.0,"13":1.0,"14":1.0},"auc":{"0":0.8397925496,"1":0.9883323312,"2":0.9974210262,"3":0.9947604537,"4":0.9997028112,"5":0.9994083047,"6":0.9995482564,"7":0.9999506474,"8":1.0,"9":1.0,"10":0.9999999404,"11":1.0,"12":0.9999999404,"13":1.0,"14":0.9999999404},"val_loss":{"0":1.5946980715,"1":1.4925146103,"2":0.5678623319,"3":0.9224438071,"4":0.4403790832,"5":0.4816592932,"6":1.302351594,"7":0.4335532784,"8":0.3196660876,"9":0.7127014995,"10":0.7013249397,"11":0.8031133413,"12":0.6053107381,"13":0.5031415224,"14":0.7304057479},"val_tp":{"0":72.0,"1":74.0,"2":71.0,"3":42.0,"4":54.0,"5":56.0,"6":44.0,"7":66.0,"8":61.0,"9":54.0,"10":55.0,"11":59.0,"12":60.0,"13":59.0,"14":55.0},"val_fp":{"0":72.0,"1":70.0,"2":26.0,"3":0.0,"4":0.0,"5":5.0,"6":0.0,"7":5.0,"8":3.0,"9":1.0,"10":0.0,"11":0.0,"12":2.0,"13":1.0,"14":0.0},"val_tn":{"0":0.0,"1":0.0,"2":47.0,"3":75.0,"4":73.0,"5":69.0,"6":71.0,"7":70.0,"8":73.0,"9":74.0,"10":75.0,"11":70.0,"12":67.0,"13":72.0,"14":74.0},"val_fn":{"0":0.0,"1":0.0,"2":0.0,"3":27.0,"4":17.0,"5":14.0,"6":29.0,"7":3.0,"8":7.0,"9":15.0,"10":14.0,"11":15.0,"12":15.0,"13":12.0,"14":15.0},"val_accuracy":{"0":0.5,"1":0.5138888955,"2":0.819444418,"3":0.8125,"4":0.881944418,"5":0.868055582,"6":0.7986111045,"7":0.944444418,"8":0.930555582,"9":0.8888888955,"10":0.902777791,"11":0.8958333135,"12":0.881944418,"13":0.909722209,"14":0.8958333135},"val_precision":{"0":0.5,"1":0.5138888955,"2":0.7319587469,"3":1.0,"4":1.0,"5":0.9180327654,"6":1.0,"7":0.9295774698,"8":0.953125,"9":0.9818181992,"10":1.0,"11":1.0,"12":0.9677419066,"13":0.9833333492,"14":1.0},"val_recall":{"0":1.0,"1":1.0,"2":1.0,"3":0.6086956263,"4":0.7605633736,"5":0.8000000119,"6":0.6027397513,"7":0.9565217495,"8":0.8970588446,"9":0.7826086879,"10":0.797101438,"11":0.7972972989,"12":0.8000000119,"13":0.8309859037,"14":0.7857142687},"val_auc":{"0":0.6490162015,"1":0.9013513327,"2":0.9841790199,"3":0.9216425419,"4":0.9771367908,"5":0.965444088,"6":0.8759405613,"7":0.9673429728,"8":0.9769737124,"9":0.9490821958,"10":0.9492753148,"11":0.9549227357,"12":0.9536232352,"13":0.9609299302,"14":0.9546332359}}