{"loss":{"0":0.2976988852,"1":0.0121442256,"2":0.0023925775,"3":0.0002607314,"4":0.0001739307,"5":0.0256659947,"6":0.0498133898,"7":0.0105233788,"8":0.0007183974,"9":0.0001157442,"10":0.0000886973,"11":0.000025156,"12":0.0000307693,"13":0.000114675,"14":0.0001156369},"tp":{"0":876.0,"1":918.0,"2":921.0,"3":925.0,"4":931.0,"5":908.0,"6":919.0,"7":921.0,"8":917.0,"9":919.0,"10":927.0,"11":911.0,"12":924.0,"13":934.0,"14":923.0},"fp":{"0":52.0,"1":1.0,"2":1.0,"3":0.0,"4":0.0,"5":8.0,"6":10.0,"7":2.0,"8":0.0,"9":0.0,"10":0.0,"11":0.0,"12":0.0,"13":0.0,"14":0.0},"tn":{"0":878.0,"1":934.0,"2":933.0,"3":931.0,"4":925.0,"5":930.0,"6":922.0,"7":928.0,"8":939.0,"9":937.0,"10":929.0,"11":945.0,"12":932.0,"13":922.0,"14":933.0},"fn":{"0":50.0,"1":3.0,"2":1.0,"3":0.0,"4":0.0,"5":10.0,"6":5.0,"7":5.0,"8":0.0,"9":0.0,"10":0.0,"11":0.0,"12":0.0,"13":0.0,"14":0.0},"accuracy":{"0":0.945043087,"1":0.9978448153,"2":0.9989224076,"3":1.0,"4":1.0,"5":0.9903017282,"6":0.991918087,"7":0.9962284565,"8":1.0,"9":1.0,"10":1.0,"11":1.0,"12":1.0,"13":1.0,"14":1.0},"precision":{"0":0.9439654946,"1":0.9989118576,"2":0.9989153743,"3":1.0,"4":1.0,"5":0.9912663698,"6":0.9892357588,"7":0.9978331327,"8":1.0,"9":1.0,"10":1.0,"11":1.0,"12":1.0,"13":1.0,"14":1.0},"recall":{"0":0.9460043311,"1":0.9967426658,"2":0.9989153743,"3":1.0,"4":1.0,"5":0.9891067743,"6":0.9945887327,"7":0.9946004152,"8":1.0,"9":1.0,"10":1.0,"11":1.0,"12":1.0,"13":1.0,"14":1.0},"auc":{"0":0.9736204743,"1":0.9994292259,"2":0.9999965429,"3":1.0,"4":1.0,"5":0.9992294908,"6":0.9965228438,"7":0.9994258285,"8":0.9999999404,"9":1.0,"10":0.9999999404,"11":1.0,"12":1.0,"13":1.0,"14":1.0},"val_loss":{"0":0.6745975018,"1":1.9787515402,"2":0.6689273715,"3":0.2233619094,"4":0.2349911332,"5":0.4217634797,"6":0.4917700589,"7":0.5404804349,"8":0.1524851918,"9":0.1132173166,"10":0.0469598323,"11":0.0631922185,"12":0.0547702573,"13":0.0058799214,"14":0.1684269756},"val_tp":{"0":56.0,"1":71.0,"2":74.0,"3":69.0,"4":71.0,"5":58.0,"6":55.0,"7":57.0,"8":69.0,"9":72.0,"10":68.0,"11":70.0,"12":71.0,"13":68.0,"14":67.0},"val_fp":{"0":36.0,"1":72.0,"2":31.0,"3":1.0,"4":1.0,"5":0.0,"6":1.0,"7":1.0,"8":1.0,"9":1.0,"10":1.0,"11":1.0,"12":1.0,"13":0.0,"14":1.0},"val_tn":{"0":37.0,"1":1.0,"2":39.0,"3":74.0,"4":72.0,"5":70.0,"6":72.0,"7":70.0,"8":71.0,"9":69.0,"10":73.0,"11":72.0,"12":71.0,"13":76.0,"14":75.0},"val_fn":{"0":15.0,"1":0.0,"2":0.0,"3":0.0,"4":0.0,"5":16.0,"6":16.0,"7":16.0,"8":3.0,"9":2.0,"10":2.0,"11":1.0,"12":1.0,"13":0.0,"14":1.0},"val_accuracy":{"0":0.6458333135,"1":0.5,"2":0.784722209,"3":0.993055582,"4":0.993055582,"5":0.8888888955,"6":0.881944418,"7":0.881944418,"8":0.972222209,"9":0.9791666865,"10":0.9791666865,"11":0.9861111045,"12":0.9861111045,"13":1.0,"14":0.9861111045},"val_precision":{"0":0.6086956263,"1":0.4965035021,"2":0.7047619224,"3":0.9857142568,"4":0.9861111045,"5":1.0,"6":0.9821428657,"7":0.9827586412,"8":0.9857142568,"9":0.9863013625,"10":0.9855072498,"11":0.985915482,"12":0.9861111045,"13":1.0,"14":0.9852941036},"val_recall":{"0":0.7887324095,"1":1.0,"2":1.0,"3":1.0,"4":1.0,"5":0.7837837934,"6":0.7746478915,"7":0.7808219194,"8":0.9583333135,"9":0.9729729891,"10":0.9714285731,"11":0.985915482,"12":0.9861111045,"13":1.0,"14":0.9852941036},"val_auc":{"0":0.8243294954,"1":0.8150684834,"2":0.9848455787,"3":0.9919806123,"4":0.9922824502,"5":0.9662162066,"6":0.991317749,"7":0.9779085517,"8":0.991030097,"9":0.9912161827,"10":0.9994208813,"11":0.9925718904,"12":0.9926697612,"13":1.0,"14":0.9931308031}}