{"loss":{"0":0.4319740832,"1":0.0221107807,"2":0.0151270945,"3":0.0039803842,"4":0.0014859076,"5":0.0266987663,"6":0.0193659179,"7":0.0013467401,"8":0.0037517117,"9":0.0037119722,"10":0.0003034672,"11":0.0007537902,"12":0.0081779407,"13":0.0001852562,"14":0.0000784014},"tp":{"0":857.0,"1":921.0,"2":921.0,"3":922.0,"4":917.0,"5":922.0,"6":918.0,"7":924.0,"8":924.0,"9":916.0,"10":942.0,"11":907.0,"12":927.0,"13":917.0,"14":941.0},"fp":{"0":62.0,"1":6.0,"2":6.0,"3":1.0,"4":1.0,"5":8.0,"6":4.0,"7":1.0,"8":3.0,"9":1.0,"10":0.0,"11":0.0,"12":2.0,"13":0.0,"14":0.0},"tn":{"0":872.0,"1":926.0,"2":926.0,"3":932.0,"4":938.0,"5":919.0,"6":929.0,"7":931.0,"8":929.0,"9":937.0,"10":914.0,"11":949.0,"12":925.0,"13":939.0,"14":915.0},"fn":{"0":65.0,"1":3.0,"2":3.0,"3":1.0,"4":0.0,"5":7.0,"6":5.0,"7":0.0,"8":0.0,"9":2.0,"10":0.0,"11":0.0,"12":2.0,"13":0.0,"14":0.0},"accuracy":{"0":0.9315732718,"1":0.9951508641,"2":0.9951508641,"3":0.9989224076,"4":0.9994612336,"5":0.991918087,"6":0.9951508641,"7":0.9994612336,"8":0.9983836412,"9":0.9983836412,"10":1.0,"11":1.0,"12":0.9978448153,"13":1.0,"14":1.0},"precision":{"0":0.9325353503,"1":0.9935275316,"2":0.9935275316,"3":0.9989165664,"4":0.9989106655,"5":0.9913978577,"6":0.9956616163,"7":0.998918891,"8":0.9967637658,"9":0.9989094734,"10":1.0,"11":1.0,"12":0.9978471398,"13":1.0,"14":1.0},"recall":{"0":0.9295010567,"1":0.9967532754,"2":0.9967532754,"3":0.9989165664,"4":1.0,"5":0.9924650192,"6":0.9945828915,"7":1.0,"8":1.0,"9":0.997821331,"10":1.0,"11":1.0,"12":0.9978471398,"13":1.0,"14":1.0},"auc":{"0":0.9616755247,"1":0.9982099533,"2":0.9998304248,"3":0.9999825954,"4":0.9999999404,"5":0.9982373714,"6":0.9982965589,"7":1.0,"8":0.9999883175,"9":0.9999918342,"10":1.0,"11":1.0,"12":0.999446094,"13":0.9999999404,"14":1.0},"val_loss":{"0":3.8986086845,"1":3.7189309597,"2":0.5420143604,"3":0.0565755516,"4":0.0006565237,"5":8.9939908981,"6":0.7393161654,"7":0.0454631075,"8":0.4224455059,"9":0.0000243238,"10":0.0000162813,"11":0.0000585889,"12":0.0025922025,"13":0.0084843989,"14":0.0087581342},"val_tp":{"0":66.0,"1":72.0,"2":76.0,"3":72.0,"4":74.0,"5":0.0,"6":40.0,"7":70.0,"8":53.0,"9":70.0,"10":71.0,"11":72.0,"12":72.0,"13":69.0,"14":68.0},"val_fp":{"0":78.0,"1":72.0,"2":26.0,"3":2.0,"4":0.0,"5":0.0,"6":0.0,"7":0.0,"8":0.0,"9":0.0,"10":0.0,"11":0.0,"12":0.0,"13":0.0,"14":0.0},"val_tn":{"0":0.0,"1":0.0,"2":42.0,"3":70.0,"4":70.0,"5":73.0,"6":72.0,"7":72.0,"8":74.0,"9":74.0,"10":73.0,"11":72.0,"12":72.0,"13":74.0,"14":75.0},"val_fn":{"0":0.0,"1":0.0,"2":0.0,"3":0.0,"4":0.0,"5":71.0,"6":32.0,"7":2.0,"8":17.0,"9":0.0,"10":0.0,"11":0.0,"12":0.0,"13":1.0,"14":1.0},"val_accuracy":{"0":0.4583333433,"1":0.5,"2":0.819444418,"3":0.9861111045,"4":1.0,"5":0.506944418,"6":0.777777791,"7":0.9861111045,"8":0.881944418,"9":1.0,"10":1.0,"11":1.0,"12":1.0,"13":0.993055582,"14":0.993055582},"val_precision":{"0":0.4583333433,"1":0.5,"2":0.7450980544,"3":0.9729729891,"4":1.0,"5":0.0,"6":1.0,"7":1.0,"8":1.0,"9":1.0,"10":1.0,"11":1.0,"12":1.0,"13":1.0,"14":1.0},"val_recall":{"0":1.0,"1":1.0,"2":1.0,"3":1.0,"4":1.0,"5":0.0,"6":0.555555582,"7":0.972222209,"8":0.7571428418,"9":1.0,"10":1.0,"11":1.0,"12":1.0,"13":0.9857142568,"14":0.9855072498},"val_auc":{"0":0.5,"1":0.5208333731,"2":0.9779411554,"3":1.0,"4":1.0,"5":0.514084518,"6":0.9791666269,"7":1.0,"8":0.9785714149,"9":1.0,"10":1.0,"11":1.0,"12":1.0,"13":1.0,"14":1.0}}