{"loss":{"0":0.7744898796,"1":0.0214407481,"2":0.003975159,"3":0.0087459991,"4":0.0014116776,"5":0.0005627639,"6":0.0002390135,"7":0.0001581665,"8":0.0000940065,"9":0.0000499854,"10":0.0003197777,"11":0.0000454489,"12":0.0000342492,"13":0.0000597544,"14":0.0000282842},"tp":{"0":855.0,"1":919.0,"2":912.0,"3":929.0,"4":923.0,"5":925.0,"6":923.0,"7":915.0,"8":934.0,"9":931.0,"10":906.0,"11":920.0,"12":922.0,"13":923.0,"14":930.0},"fp":{"0":72.0,"1":2.0,"2":1.0,"3":3.0,"4":0.0,"5":0.0,"6":0.0,"7":0.0,"8":0.0,"9":0.0,"10":0.0,"11":0.0,"12":0.0,"13":0.0,"14":0.0},"tn":{"0":857.0,"1":929.0,"2":943.0,"3":923.0,"4":932.0,"5":931.0,"6":933.0,"7":941.0,"8":922.0,"9":925.0,"10":950.0,"11":936.0,"12":934.0,"13":933.0,"14":926.0},"fn":{"0":72.0,"1":6.0,"2":0.0,"3":1.0,"4":1.0,"5":0.0,"6":0.0,"7":0.0,"8":0.0,"9":0.0,"10":0.0,"11":0.0,"12":0.0,"13":0.0,"14":0.0},"accuracy":{"0":0.9224137664,"1":0.9956896305,"2":0.9994612336,"3":0.9978448153,"4":0.9994612336,"5":1.0,"6":1.0,"7":1.0,"8":1.0,"9":1.0,"10":1.0,"11":1.0,"12":1.0,"13":1.0,"14":1.0},"precision":{"0":0.9223300815,"1":0.997828424,"2":0.998904705,"3":0.9967811108,"4":1.0,"5":1.0,"6":1.0,"7":1.0,"8":1.0,"9":1.0,"10":1.0,"11":1.0,"12":1.0,"13":1.0,"14":1.0},"recall":{"0":0.9223300815,"1":0.9935135245,"2":1.0,"3":0.9989247322,"4":0.9989177585,"5":1.0,"6":1.0,"7":1.0,"8":1.0,"9":1.0,"10":1.0,"11":1.0,"12":1.0,"13":1.0,"14":1.0},"auc":{"0":0.9499450922,"1":0.9988434911,"2":0.9999930263,"3":0.9989014864,"4":1.0000001192,"5":1.0,"6":1.0,"7":1.0,"8":1.0,"9":1.0,"10":1.0,"11":0.9999999404,"12":1.0,"13":1.0,"14":1.0},"val_loss":{"0":1.7443757057,"1":2.192633152,"2":2.7888395786,"3":0.1516293585,"4":0.0980342627,"5":0.0000548943,"6":0.0018430161,"7":0.003569454,"8":0.0042528161,"9":0.0070022983,"10":0.0121614961,"11":0.0044450886,"12":0.0023571556,"13":0.010510684,"14":0.0160440635},"val_tp":{"0":71.0,"1":70.0,"2":69.0,"3":69.0,"4":71.0,"5":70.0,"6":70.0,"7":67.0,"8":70.0,"9":75.0,"10":68.0,"11":72.0,"12":66.0,"13":71.0,"14":70.0},"val_fp":{"0":73.0,"1":74.0,"2":73.0,"3":5.0,"4":5.0,"5":0.0,"6":0.0,"7":0.0,"8":0.0,"9":0.0,"10":0.0,"11":0.0,"12":0.0,"13":0.0,"14":0.0},"val_tn":{"0":0.0,"1":0.0,"2":2.0,"3":70.0,"4":68.0,"5":74.0,"6":74.0,"7":77.0,"8":74.0,"9":68.0,"10":75.0,"11":72.0,"12":78.0,"13":72.0,"14":72.0},"val_fn":{"0":0.0,"1":0.0,"2":0.0,"3":0.0,"4":0.0,"5":0.0,"6":0.0,"7":0.0,"8":0.0,"9":1.0,"10":1.0,"11":0.0,"12":0.0,"13":1.0,"14":2.0},"val_accuracy":{"0":0.4930555522,"1":0.4861111045,"2":0.4930555522,"3":0.965277791,"4":0.965277791,"5":1.0,"6":1.0,"7":1.0,"8":1.0,"9":0.993055582,"10":0.993055582,"11":1.0,"12":1.0,"13":0.993055582,"14":0.9861111045},"val_precision":{"0":0.4930555522,"1":0.4861111045,"2":0.485915482,"3":0.9324324131,"4":0.9342105389,"5":1.0,"6":1.0,"7":1.0,"8":1.0,"9":1.0,"10":1.0,"11":1.0,"12":1.0,"13":1.0,"14":1.0},"val_recall":{"0":1.0,"1":1.0,"2":1.0,"3":1.0,"4":1.0,"5":1.0,"6":1.0,"7":1.0,"8":1.0,"9":0.9868420959,"10":0.9855072498,"11":1.0,"12":1.0,"13":0.9861111045,"14":0.972222209},"val_auc":{"0":0.831854105,"1":0.8768339157,"2":0.6933333278,"3":0.9988406301,"4":1.0,"5":1.0,"6":1.0,"7":1.0,"8":1.0,"9":1.0,"10":1.0,"11":1.0,"12":1.0,"13":1.0,"14":1.0}}