{"loss":{"0":0.7781090736,"1":0.1228463799,"2":0.0720583871,"3":0.0358723886,"4":0.0233909078,"5":0.0314906947,"6":0.0238634553,"7":0.0158270951,"8":0.0031874219,"9":0.0112806233,"10":0.0571460947,"11":0.0141394297,"12":0.0169354435,"13":0.0230213329,"14":0.0231479276},"tp":{"0":710.0,"1":891.0,"2":897.0,"3":912.0,"4":911.0,"5":912.0,"6":921.0,"7":916.0,"8":919.0,"9":926.0,"10":896.0,"11":920.0,"12":912.0,"13":924.0,"14":926.0},"fp":{"0":209.0,"1":41.0,"2":27.0,"3":9.0,"4":6.0,"5":7.0,"6":6.0,"7":5.0,"8":1.0,"9":4.0,"10":19.0,"11":4.0,"12":5.0,"13":6.0,"14":7.0},"tn":{"0":727.0,"1":885.0,"2":906.0,"3":921.0,"4":931.0,"5":926.0,"6":923.0,"7":930.0,"8":935.0,"9":923.0,"10":920.0,"11":926.0,"12":931.0,"13":917.0,"14":913.0},"fn":{"0":210.0,"1":39.0,"2":26.0,"3":14.0,"4":8.0,"5":11.0,"6":6.0,"7":5.0,"8":1.0,"9":3.0,"10":21.0,"11":6.0,"12":8.0,"13":9.0,"14":10.0},"accuracy":{"0":0.7742456794,"1":0.9568965435,"2":0.9714439511,"3":0.9876077771,"4":0.992456913,"5":0.9903017282,"6":0.9935345054,"7":0.9946120977,"8":0.9989224076,"9":0.9962284565,"10":0.9784482718,"11":0.9946120977,"12":0.9929956794,"13":0.991918087,"14":0.9908404946},"precision":{"0":0.7725788951,"1":0.9560086131,"2":0.9707792401,"3":0.9902279973,"4":0.9934569001,"5":0.9923830032,"6":0.9935275316,"7":0.9945710897,"8":0.9989130497,"9":0.9956989288,"10":0.9792349935,"11":0.9956709743,"12":0.9945474267,"13":0.9935483932,"14":0.9924973249},"recall":{"0":0.7717391253,"1":0.9580644965,"2":0.9718309641,"3":0.9848812222,"4":0.9912948608,"5":0.9880823493,"6":0.9935275316,"7":0.9945710897,"8":0.9989130497,"9":0.9967707396,"10":0.9770992398,"11":0.9935204983,"12":0.991304338,"13":0.9903537035,"14":0.9893162251},"auc":{"0":0.8444578052,"1":0.9898359179,"2":0.9964675307,"3":0.998750627,"4":0.9996991754,"5":0.9993718266,"6":0.9995866418,"7":0.999328196,"8":0.9999988079,"9":0.9993914962,"10":0.9973028302,"11":0.9998880029,"12":0.9998385906,"13":0.9996842146,"14":0.9997172356},"val_loss":{"0":2.5518820286,"1":4.130592823,"2":3.8190078735,"3":1.758612752,"4":0.1469655633,"5":0.7843095064,"6":0.2915701568,"7":0.2225007713,"8":0.1041454598,"9":0.0833505616,"10":0.2309980094,"11":0.6692527533,"12":0.6631658673,"13":4.3433856964,"14":0.0824424922},"val_tp":{"0":72.0,"1":73.0,"2":74.0,"3":71.0,"4":69.0,"5":68.0,"6":71.0,"7":60.0,"8":70.0,"9":67.0,"10":70.0,"11":37.0,"12":73.0,"13":2.0,"14":71.0},"val_fp":{"0":72.0,"1":71.0,"2":70.0,"3":65.0,"4":5.0,"5":33.0,"6":10.0,"7":1.0,"8":4.0,"9":2.0,"10":7.0,"11":0.0,"12":24.0,"13":0.0,"14":2.0},"val_tn":{"0":0.0,"1":0.0,"2":0.0,"3":8.0,"4":68.0,"5":43.0,"6":63.0,"7":77.0,"8":69.0,"9":74.0,"10":65.0,"11":74.0,"12":47.0,"13":74.0,"14":70.0},"val_fn":{"0":0.0,"1":0.0,"2":0.0,"3":0.0,"4":2.0,"5":0.0,"6":0.0,"7":6.0,"8":1.0,"9":1.0,"10":2.0,"11":33.0,"12":0.0,"13":68.0,"14":1.0},"val_accuracy":{"0":0.5,"1":0.506944418,"2":0.5138888955,"3":0.5486111045,"4":0.9513888955,"5":0.7708333135,"6":0.930555582,"7":0.9513888955,"8":0.965277791,"9":0.9791666865,"10":0.9375,"11":0.7708333135,"12":0.8333333135,"13":0.527777791,"14":0.9791666865},"val_precision":{"0":0.5,"1":0.506944418,"2":0.5138888955,"3":0.5220588446,"4":0.9324324131,"5":0.6732673049,"6":0.8765432239,"7":0.9836065769,"8":0.9459459186,"9":0.9710144997,"10":0.9090909362,"11":1.0,"12":0.7525773048,"13":1.0,"14":0.972602725},"val_recall":{"0":1.0,"1":1.0,"2":1.0,"3":1.0,"4":0.9718309641,"5":1.0,"6":1.0,"7":0.9090909362,"8":0.985915482,"9":0.9852941036,"10":0.972222209,"11":0.5285714269,"12":1.0,"13":0.0285714287,"14":0.9861111045},"val_auc":{"0":0.506944418,"1":0.5,"2":0.5071429014,"3":0.879799366,"4":0.9890989065,"5":0.9391447306,"6":0.9860119224,"7":0.9811578393,"8":0.9921860695,"9":0.9916796088,"10":0.9871720076,"11":0.9636100531,"12":0.9706733227,"13":0.6071428657,"14":0.9925733209}}