{"loss":{"0":0.6001343727,"1":0.019195741,"2":0.0208088402,"3":0.0167039838,"4":0.0249880943,"5":0.015044014,"6":0.0027430565,"7":0.0004793384,"8":0.0013407489,"9":0.0000786748,"10":0.0000862288,"11":0.0000482151,"12":0.0000682565,"13":0.0001389909,"14":0.0002660907},"tp":{"0":788.0,"1":922.0,"2":917.0,"3":921.0,"4":917.0,"5":920.0,"6":923.0,"7":919.0,"8":926.0,"9":929.0,"10":920.0,"11":924.0,"12":942.0,"13":904.0,"14":916.0},"fp":{"0":90.0,"1":5.0,"2":4.0,"3":5.0,"4":6.0,"5":2.0,"6":1.0,"7":0.0,"8":1.0,"9":0.0,"10":0.0,"11":0.0,"12":0.0,"13":0.0,"14":0.0},"tn":{"0":848.0,"1":923.0,"2":930.0,"3":925.0,"4":928.0,"5":929.0,"6":932.0,"7":937.0,"8":929.0,"9":927.0,"10":936.0,"11":932.0,"12":914.0,"13":952.0,"14":940.0},"fn":{"0":130.0,"1":6.0,"2":5.0,"3":5.0,"4":5.0,"5":5.0,"6":0.0,"7":0.0,"8":0.0,"9":0.0,"10":0.0,"11":0.0,"12":0.0,"13":0.0,"14":0.0},"accuracy":{"0":0.8814654946,"1":0.9940732718,"2":0.9951508641,"3":0.9946120977,"4":0.9940732718,"5":0.9962284565,"6":0.9994612336,"7":1.0,"8":0.9994612336,"9":1.0,"10":1.0,"11":1.0,"12":1.0,"13":1.0,"14":1.0},"precision":{"0":0.8974943161,"1":0.9946062565,"2":0.9956569076,"3":0.9946004152,"4":0.9934994578,"5":0.9978308082,"6":0.9989177585,"7":1.0,"8":0.9989212751,"9":1.0,"10":1.0,"11":1.0,"12":1.0,"13":1.0,"14":1.0},"recall":{"0":0.8583878279,"1":0.9935345054,"2":0.9945769906,"3":0.9946004152,"4":0.9945769906,"5":0.994594574,"6":1.0,"7":1.0,"8":1.0,"9":1.0,"10":1.0,"11":1.0,"12":1.0,"13":1.0,"14":1.0},"auc":{"0":0.9294036031,"1":0.9991986752,"2":0.9987476468,"3":0.9992818236,"4":0.9991481304,"5":0.9993746877,"6":0.9999918938,"7":0.9999999404,"8":0.9999988675,"9":1.0,"10":1.0,"11":0.9999999404,"12":1.0,"13":1.0,"14":1.0},"val_loss":{"0":0.670166254,"1":1.770216465,"2":0.0372261703,"3":0.0284689032,"4":0.0063895308,"5":0.0002897212,"6":0.0001031445,"7":0.0000223573,"8":0.0000124488,"9":0.0000067871,"10":0.0000042778,"11":0.0000028797,"12":0.0000026246,"13":0.0000070947,"14":0.0000013735},"val_tp":{"0":24.0,"1":74.0,"2":73.0,"3":68.0,"4":71.0,"5":71.0,"6":73.0,"7":69.0,"8":73.0,"9":70.0,"10":75.0,"11":71.0,"12":71.0,"13":71.0,"14":73.0},"val_fp":{"0":0.0,"1":70.0,"2":0.0,"3":1.0,"4":0.0,"5":0.0,"6":0.0,"7":0.0,"8":0.0,"9":0.0,"10":0.0,"11":0.0,"12":0.0,"13":0.0,"14":0.0},"val_tn":{"0":69.0,"1":0.0,"2":71.0,"3":75.0,"4":73.0,"5":73.0,"6":71.0,"7":75.0,"8":71.0,"9":74.0,"10":69.0,"11":73.0,"12":73.0,"13":73.0,"14":71.0},"val_fn":{"0":51.0,"1":0.0,"2":0.0,"3":0.0,"4":0.0,"5":0.0,"6":0.0,"7":0.0,"8":0.0,"9":0.0,"10":0.0,"11":0.0,"12":0.0,"13":0.0,"14":0.0},"val_accuracy":{"0":0.6458333135,"1":0.5138888955,"2":1.0,"3":0.993055582,"4":1.0,"5":1.0,"6":1.0,"7":1.0,"8":1.0,"9":1.0,"10":1.0,"11":1.0,"12":1.0,"13":1.0,"14":1.0},"val_precision":{"0":1.0,"1":0.5138888955,"2":1.0,"3":0.9855072498,"4":1.0,"5":1.0,"6":1.0,"7":1.0,"8":1.0,"9":1.0,"10":1.0,"11":1.0,"12":1.0,"13":1.0,"14":1.0},"val_recall":{"0":0.3199999928,"1":1.0,"2":1.0,"3":1.0,"4":1.0,"5":1.0,"6":1.0,"7":1.0,"8":1.0,"9":1.0,"10":1.0,"11":1.0,"12":1.0,"13":1.0,"14":1.0},"val_auc":{"0":0.7869564891,"1":0.9771235585,"2":1.0,"3":1.0,"4":1.0,"5":1.0,"6":1.0,"7":1.0,"8":1.0,"9":1.0,"10":1.0,"11":1.0,"12":1.0,"13":1.0,"14":1.0}}