{"loss":{"0":1.146056056,"1":0.0181527194,"2":0.0081049725,"3":0.0028099539,"4":0.0022936738,"5":0.0069735846,"6":0.0005048092,"7":0.0004199763,"8":0.0004131092,"9":0.0002301928,"10":0.0002211467,"11":0.0001281459,"12":0.0001275164,"13":0.0001618304,"14":0.0002921101},"tp":{"0":783.0,"1":923.0,"2":925.0,"3":920.0,"4":915.0,"5":929.0,"6":922.0,"7":930.0,"8":906.0,"9":931.0,"10":912.0,"11":927.0,"12":932.0,"13":909.0,"14":936.0},"fp":{"0":136.0,"1":2.0,"2":1.0,"3":0.0,"4":1.0,"5":1.0,"6":0.0,"7":0.0,"8":0.0,"9":0.0,"10":0.0,"11":0.0,"12":0.0,"13":0.0,"14":0.0},"tn":{"0":795.0,"1":929.0,"2":928.0,"3":935.0,"4":940.0,"5":924.0,"6":934.0,"7":926.0,"8":950.0,"9":925.0,"10":944.0,"11":929.0,"12":924.0,"13":947.0,"14":920.0},"fn":{"0":142.0,"1":2.0,"2":2.0,"3":1.0,"4":0.0,"5":2.0,"6":0.0,"7":0.0,"8":0.0,"9":0.0,"10":0.0,"11":0.0,"12":0.0,"13":0.0,"14":0.0},"accuracy":{"0":0.8502154946,"1":0.9978448153,"2":0.9983836412,"3":0.9994612336,"4":0.9994612336,"5":0.9983836412,"6":1.0,"7":1.0,"8":1.0,"9":1.0,"10":1.0,"11":1.0,"12":1.0,"13":1.0,"14":1.0},"precision":{"0":0.8520130515,"1":0.9978378415,"2":0.998920083,"3":1.0,"4":0.9989082813,"5":0.9989247322,"6":1.0,"7":1.0,"8":1.0,"9":1.0,"10":1.0,"11":1.0,"12":1.0,"13":1.0,"14":1.0},"recall":{"0":0.8464865088,"1":0.9978378415,"2":0.9978424907,"3":0.9989142418,"4":1.0,"5":0.997851789,"6":1.0,"7":1.0,"8":1.0,"9":1.0,"10":1.0,"11":1.0,"12":1.0,"13":1.0,"14":1.0},"auc":{"0":0.8839422464,"1":0.9997066855,"2":0.9999872446,"3":1.0000001192,"4":0.9999999404,"5":0.9999762177,"6":1.0,"7":1.0,"8":0.9999999404,"9":1.0,"10":1.0,"11":1.0,"12":1.0,"13":0.9999999404,"14":0.9999999404},"val_loss":{"0":0.6342742443,"1":0.5945919752,"2":0.4257733822,"3":0.0890826136,"4":0.0348267704,"5":0.003111467,"6":0.0016732698,"7":0.0013416078,"8":0.0014609589,"9":0.0008621106,"10":0.0003327162,"11":0.0002796409,"12":0.0003201076,"13":0.0005554842,"14":0.0034933691},"val_tp":{"0":70.0,"1":71.0,"2":71.0,"3":74.0,"4":72.0,"5":74.0,"6":76.0,"7":73.0,"8":71.0,"9":71.0,"10":71.0,"11":72.0,"12":71.0,"13":74.0,"14":72.0},"val_fp":{"0":61.0,"1":66.0,"2":36.0,"3":4.0,"4":1.0,"5":0.0,"6":0.0,"7":0.0,"8":0.0,"9":0.0,"10":0.0,"11":0.0,"12":0.0,"13":0.0,"14":0.0},"val_tn":{"0":13.0,"1":7.0,"2":37.0,"3":66.0,"4":71.0,"5":70.0,"6":68.0,"7":71.0,"8":73.0,"9":73.0,"10":73.0,"11":72.0,"12":73.0,"13":70.0,"14":72.0},"val_fn":{"0":0.0,"1":0.0,"2":0.0,"3":0.0,"4":0.0,"5":0.0,"6":0.0,"7":0.0,"8":0.0,"9":0.0,"10":0.0,"11":0.0,"12":0.0,"13":0.0,"14":0.0},"val_accuracy":{"0":0.5763888955,"1":0.5416666865,"2":0.75,"3":0.972222209,"4":0.993055582,"5":1.0,"6":1.0,"7":1.0,"8":1.0,"9":1.0,"10":1.0,"11":1.0,"12":1.0,"13":1.0,"14":1.0},"val_precision":{"0":0.5343511701,"1":0.5182482004,"2":0.6635513902,"3":0.9487179518,"4":0.9863013625,"5":1.0,"6":1.0,"7":1.0,"8":1.0,"9":1.0,"10":1.0,"11":1.0,"12":1.0,"13":1.0,"14":1.0},"val_recall":{"0":1.0,"1":1.0,"2":1.0,"3":1.0,"4":1.0,"5":1.0,"6":1.0,"7":1.0,"8":1.0,"9":1.0,"10":1.0,"11":1.0,"12":1.0,"13":1.0,"14":1.0},"val_auc":{"0":0.9048262835,"1":0.9815743566,"2":0.9946942329,"3":1.0,"4":1.0,"5":1.0,"6":1.0,"7":1.0,"8":1.0,"9":1.0,"10":1.0,"11":1.0,"12":1.0,"13":1.0,"14":1.0}}