{"loss":{"0":0.1731205285,"1":0.0085844081,"2":0.0003235515,"3":0.00003283,"4":0.0000162932,"5":0.004770332,"6":0.0475831777,"7":0.1071362346,"8":0.0088598644,"9":0.0046299309,"10":0.0000029657,"11":0.0009525266,"12":0.0042844475,"13":0.0000013473,"14":0.0000199379},"tp":{"0":904.0,"1":920.0,"2":923.0,"3":921.0,"4":923.0,"5":923.0,"6":918.0,"7":914.0,"8":925.0,"9":918.0,"10":919.0,"11":926.0,"12":922.0,"13":936.0,"14":914.0},"fp":{"0":20.0,"1":2.0,"2":0.0,"3":0.0,"4":0.0,"5":1.0,"6":4.0,"7":11.0,"8":3.0,"9":1.0,"10":0.0,"11":1.0,"12":1.0,"13":0.0,"14":0.0},"tn":{"0":908.0,"1":932.0,"2":933.0,"3":935.0,"4":933.0,"5":931.0,"6":930.0,"7":921.0,"8":925.0,"9":936.0,"10":937.0,"11":929.0,"12":932.0,"13":920.0,"14":942.0},"fn":{"0":24.0,"1":2.0,"2":0.0,"3":0.0,"4":0.0,"5":1.0,"6":4.0,"7":10.0,"8":3.0,"9":1.0,"10":0.0,"11":0.0,"12":1.0,"13":0.0,"14":0.0},"accuracy":{"0":0.976293087,"1":0.9978448153,"2":1.0,"3":1.0,"4":1.0,"5":0.9989224076,"6":0.9956896305,"7":0.9886853695,"8":0.9967672229,"9":0.9989224076,"10":1.0,"11":0.9994612336,"12":0.9989224076,"13":1.0,"14":1.0},"precision":{"0":0.9783549905,"1":0.9978308082,"2":1.0,"3":1.0,"4":1.0,"5":0.9989177585,"6":0.9956616163,"7":0.9881080985,"8":0.9967672229,"9":0.9989118576,"10":1.0,"11":0.9989212751,"12":0.9989165664,"13":1.0,"14":1.0},"recall":{"0":0.9741379023,"1":0.9978308082,"2":1.0,"3":1.0,"4":1.0,"5":0.9989177585,"6":0.9956616163,"7":0.9891774654,"8":0.9967672229,"9":0.9989118576,"10":1.0,"11":1.0,"12":0.9989165664,"13":1.0,"14":1.0},"auc":{"0":0.9875177741,"1":0.9994380474,"2":1.0,"3":1.0,"4":1.0,"5":0.9999924898,"6":0.9977908731,"7":0.994402945,"8":0.9994402528,"9":0.999997735,"10":1.0,"11":1.0,"12":0.9994571805,"13":1.0,"14":1.0},"val_loss":{"0":0.2762823701,"1":0.596611321,"2":0.2438392341,"3":0.117567949,"4":0.039474979,"5":0.788605988,"6":0.0405538529,"7":0.1831171662,"8":0.0000000281,"9":0.0000054258,"10":0.0000084282,"11":0.0000020595,"12":0.0000000774,"13":0.0000000919,"14":0.0000000579},"val_tp":{"0":74.0,"1":70.0,"2":73.0,"3":70.0,"4":74.0,"5":72.0,"6":68.0,"7":71.0,"8":69.0,"9":71.0,"10":68.0,"11":69.0,"12":71.0,"13":68.0,"14":66.0},"val_fp":{"0":1.0,"1":47.0,"2":8.0,"3":3.0,"4":1.0,"5":6.0,"6":1.0,"7":3.0,"8":0.0,"9":0.0,"10":0.0,"11":0.0,"12":0.0,"13":0.0,"14":0.0},"val_tn":{"0":68.0,"1":27.0,"2":63.0,"3":71.0,"4":69.0,"5":66.0,"6":75.0,"7":70.0,"8":75.0,"9":73.0,"10":76.0,"11":75.0,"12":73.0,"13":76.0,"14":78.0},"val_fn":{"0":1.0,"1":0.0,"2":0.0,"3":0.0,"4":0.0,"5":0.0,"6":0.0,"7":0.0,"8":0.0,"9":0.0,"10":0.0,"11":0.0,"12":0.0,"13":0.0,"14":0.0},"val_accuracy":{"0":0.9861111045,"1":0.6736111045,"2":0.944444418,"3":0.9791666865,"4":0.993055582,"5":0.9583333135,"6":0.993055582,"7":0.9791666865,"8":1.0,"9":1.0,"10":1.0,"11":1.0,"12":1.0,"13":1.0,"14":1.0},"val_precision":{"0":0.9866666794,"1":0.5982906222,"2":0.9012345672,"3":0.9589040875,"4":0.9866666794,"5":0.9230769277,"6":0.9855072498,"7":0.9594594836,"8":1.0,"9":1.0,"10":1.0,"11":1.0,"12":1.0,"13":1.0,"14":1.0},"val_recall":{"0":0.9866666794,"1":1.0,"2":1.0,"3":1.0,"4":1.0,"5":1.0,"6":1.0,"7":1.0,"8":1.0,"9":1.0,"10":1.0,"11":1.0,"12":1.0,"13":1.0,"14":1.0},"val_auc":{"0":0.9905313849,"1":0.9791505933,"2":0.9859156013,"3":0.9932432175,"4":0.9928571582,"5":0.9722222686,"6":0.9934210777,"7":0.9931507111,"8":1.0,"9":1.0,"10":1.0,"11":1.0,"12":1.0,"13":1.0,"14":1.0}}