{"loss":{"0":0.8733010292,"1":0.0117977131,"2":0.0082393223,"3":0.0049251555,"4":0.001452324,"5":0.0121300351,"6":0.0031119296,"7":0.0092624016,"8":0.0085015148,"9":0.0003856418,"10":0.0009642289,"11":0.0009888373,"12":0.0001968778,"13":0.0001081308,"14":0.0000140684},"tp":{"0":837.0,"1":921.0,"2":916.0,"3":917.0,"4":926.0,"5":922.0,"6":929.0,"7":914.0,"8":924.0,"9":915.0,"10":925.0,"11":923.0,"12":920.0,"13":941.0,"14":913.0},"fp":{"0":90.0,"1":4.0,"2":2.0,"3":1.0,"4":0.0,"5":3.0,"6":2.0,"7":4.0,"8":1.0,"9":0.0,"10":0.0,"11":0.0,"12":0.0,"13":0.0,"14":0.0},"tn":{"0":839.0,"1":928.0,"2":935.0,"3":936.0,"4":929.0,"5":927.0,"6":925.0,"7":935.0,"8":930.0,"9":941.0,"10":931.0,"11":932.0,"12":936.0,"13":915.0,"14":943.0},"fn":{"0":90.0,"1":3.0,"2":3.0,"3":2.0,"4":1.0,"5":4.0,"6":0.0,"7":3.0,"8":1.0,"9":0.0,"10":0.0,"11":1.0,"12":0.0,"13":0.0,"14":0.0},"accuracy":{"0":0.9030172229,"1":0.9962284565,"2":0.9973060489,"3":0.9983836412,"4":0.9994612336,"5":0.9962284565,"6":0.9989224076,"7":0.9962284565,"8":0.9989224076,"9":1.0,"10":1.0,"11":0.9994612336,"12":1.0,"13":1.0,"14":1.0},"precision":{"0":0.9029126167,"1":0.995675683,"2":0.997821331,"3":0.9989106655,"4":1.0,"5":0.9967567325,"6":0.997851789,"7":0.9956427217,"8":0.998918891,"9":1.0,"10":1.0,"11":1.0,"12":1.0,"13":1.0,"14":1.0},"recall":{"0":0.9029126167,"1":0.9967532754,"2":0.9967355728,"3":0.9978237152,"4":0.9989212751,"5":0.9956803322,"6":1.0,"7":0.9967284799,"8":0.998918891,"9":1.0,"10":1.0,"11":0.9989177585,"12":1.0,"13":1.0,"14":1.0},"auc":{"0":0.9409731627,"1":0.9999227524,"2":0.9999483228,"3":0.9999784231,"4":0.9999988079,"5":0.9993914962,"6":0.9999918342,"7":0.9999482036,"8":0.9994419813,"9":1.0,"10":1.0,"11":1.0,"12":0.9999999404,"13":1.0,"14":1.0},"val_loss":{"0":1.8392601013,"1":1.4378343821,"2":1.0660357475,"3":0.2139236778,"4":0.2473732382,"5":0.1487467289,"6":0.0668929294,"7":0.3212174177,"8":0.0936456546,"9":0.1100749671,"10":0.1437866539,"11":0.1107170433,"12":0.111742802,"13":0.1194970757,"14":0.1220433339},"val_tp":{"0":71.0,"1":73.0,"2":74.0,"3":68.0,"4":71.0,"5":70.0,"6":72.0,"7":70.0,"8":75.0,"9":70.0,"10":69.0,"11":73.0,"12":73.0,"13":69.0,"14":68.0},"val_fp":{"0":73.0,"1":71.0,"2":60.0,"3":11.0,"4":6.0,"5":2.0,"6":1.0,"7":2.0,"8":1.0,"9":1.0,"10":1.0,"11":1.0,"12":1.0,"13":1.0,"14":1.0},"val_tn":{"0":0.0,"1":0.0,"2":10.0,"3":65.0,"4":67.0,"5":72.0,"6":71.0,"7":72.0,"8":68.0,"9":73.0,"10":74.0,"11":70.0,"12":70.0,"13":74.0,"14":75.0},"val_fn":{"0":0.0,"1":0.0,"2":0.0,"3":0.0,"4":0.0,"5":0.0,"6":0.0,"7":0.0,"8":0.0,"9":0.0,"10":0.0,"11":0.0,"12":0.0,"13":0.0,"14":0.0},"val_accuracy":{"0":0.4930555522,"1":0.506944418,"2":0.5833333135,"3":0.9236111045,"4":0.9583333135,"5":0.9861111045,"6":0.993055582,"7":0.9861111045,"8":0.993055582,"9":0.993055582,"10":0.993055582,"11":0.993055582,"12":0.993055582,"13":0.993055582,"14":0.993055582},"val_precision":{"0":0.4930555522,"1":0.506944418,"2":0.552238822,"3":0.8607594967,"4":0.9220778942,"5":0.972222209,"6":0.9863013625,"7":0.972222209,"8":0.9868420959,"9":0.985915482,"10":0.9857142568,"11":0.9864864945,"12":0.9864864945,"13":0.9857142568,"14":0.9855072498},"val_recall":{"0":1.0,"1":1.0,"2":1.0,"3":1.0,"4":1.0,"5":1.0,"6":1.0,"7":1.0,"8":1.0,"9":1.0,"10":1.0,"11":1.0,"12":1.0,"13":1.0,"14":1.0},"val_auc":{"0":0.8452633619,"1":0.969419241,"2":0.9674710035,"3":0.9933242202,"4":0.9931507707,"5":0.9862934351,"6":0.9928626418,"7":0.9864864945,"8":0.9927536249,"9":0.9932432771,"10":0.9933333397,"11":0.9929577112,"12":0.9929577112,"13":0.9933333397,"14":0.9934210181}}