{"loss":{"0":0.6583191156,"1":0.099820599,"2":0.0727621689,"3":0.0427088179,"4":0.0659112707,"5":0.0215736907,"6":0.0129776858,"7":0.0046862774,"8":0.0091728447,"9":0.0300007723,"10":0.0214656591,"11":0.0042639659,"12":0.0084104529,"13":0.0196960121,"14":0.0030800719},"tp":{"0":792.0,"1":893.0,"2":888.0,"3":903.0,"4":905.0,"5":921.0,"6":913.0,"7":921.0,"8":915.0,"9":913.0,"10":922.0,"11":913.0,"12":918.0,"13":917.0,"14":911.0},"fp":{"0":142.0,"1":35.0,"2":19.0,"3":13.0,"4":22.0,"5":5.0,"6":5.0,"7":1.0,"8":4.0,"9":11.0,"10":4.0,"11":1.0,"12":3.0,"13":6.0,"14":1.0},"tn":{"0":792.0,"1":892.0,"2":921.0,"3":922.0,"4":902.0,"5":924.0,"6":932.0,"7":932.0,"8":934.0,"9":922.0,"10":923.0,"11":940.0,"12":932.0,"13":926.0,"14":943.0},"fn":{"0":130.0,"1":36.0,"2":28.0,"3":18.0,"4":27.0,"5":6.0,"6":6.0,"7":2.0,"8":3.0,"9":10.0,"10":7.0,"11":2.0,"12":3.0,"13":7.0,"14":1.0},"accuracy":{"0":0.8534482718,"1":0.9617456794,"2":0.9746767282,"3":0.9832974076,"4":0.9735991359,"5":0.9940732718,"6":0.9940732718,"7":0.9983836412,"8":0.9962284565,"9":0.9886853695,"10":0.9940732718,"11":0.9983836412,"12":0.9967672229,"13":0.9929956794,"14":0.9989224076},"precision":{"0":0.8479657173,"1":0.9622845054,"2":0.9790518284,"3":0.9858078361,"4":0.9762675166,"5":0.9946004152,"6":0.9945533872,"7":0.9989153743,"8":0.9956474304,"9":0.9880952239,"10":0.9956803322,"11":0.9989058971,"12":0.9967426658,"13":0.9934994578,"14":0.998903513},"recall":{"0":0.8590021729,"1":0.9612486362,"2":0.9694322944,"3":0.9804560542,"4":0.9710300565,"5":0.9935275316,"6":0.9934711456,"7":0.9978331327,"8":0.9967319965,"9":0.9891657829,"10":0.9924650192,"11":0.9978141785,"12":0.9967426658,"13":0.9924242496,"14":0.998903513},"auc":{"0":0.9083752036,"1":0.9929479957,"2":0.9959107041,"3":0.9987958074,"4":0.9970604181,"5":0.9997793436,"6":0.9999064207,"7":0.9999918938,"8":0.999953568,"9":0.9994060397,"10":0.99971205,"11":0.9999908209,"12":0.99995929,"13":0.9997595549,"14":0.9999976158},"val_loss":{"0":1.7176473141,"1":1.9644815922,"2":0.5694549084,"3":0.1107223928,"4":0.0348816179,"5":0.031882301,"6":0.0202769432,"7":0.0190422572,"8":0.1304213256,"9":0.0456041619,"10":0.02112942,"11":0.0172221381,"12":0.0319901556,"13":0.0413479023,"14":0.0093092732},"val_tp":{"0":74.0,"1":71.0,"2":72.0,"3":66.0,"4":67.0,"5":69.0,"6":73.0,"7":72.0,"8":64.0,"9":71.0,"10":71.0,"11":70.0,"12":70.0,"13":66.0,"14":71.0},"val_fp":{"0":70.0,"1":73.0,"2":32.0,"3":0.0,"4":1.0,"5":0.0,"6":1.0,"7":1.0,"8":0.0,"9":2.0,"10":0.0,"11":0.0,"12":0.0,"13":2.0,"14":0.0},"val_tn":{"0":0.0,"1":0.0,"2":40.0,"3":71.0,"4":75.0,"5":74.0,"6":70.0,"7":71.0,"8":72.0,"9":69.0,"10":73.0,"11":73.0,"12":72.0,"13":76.0,"14":73.0},"val_fn":{"0":0.0,"1":0.0,"2":0.0,"3":7.0,"4":1.0,"5":1.0,"6":0.0,"7":0.0,"8":8.0,"9":2.0,"10":0.0,"11":1.0,"12":2.0,"13":0.0,"14":0.0},"val_accuracy":{"0":0.5138888955,"1":0.4930555522,"2":0.777777791,"3":0.9513888955,"4":0.9861111045,"5":0.993055582,"6":0.993055582,"7":0.993055582,"8":0.944444418,"9":0.972222209,"10":1.0,"11":0.993055582,"12":0.9861111045,"13":0.9861111045,"14":1.0},"val_precision":{"0":0.5138888955,"1":0.4930555522,"2":0.6923077106,"3":1.0,"4":0.9852941036,"5":1.0,"6":0.9864864945,"7":0.9863013625,"8":1.0,"9":0.972602725,"10":1.0,"11":1.0,"12":1.0,"13":0.9705882072,"14":1.0},"val_recall":{"0":1.0,"1":1.0,"2":1.0,"3":0.9041095972,"4":0.9852941036,"5":0.9857142568,"6":1.0,"7":1.0,"8":0.8888888955,"9":0.972602725,"10":1.0,"11":0.985915482,"12":0.972222209,"13":1.0,"14":1.0},"val_auc":{"0":0.7238416076,"1":0.9617981911,"2":0.9920910597,"3":0.9963341951,"4":0.9995162487,"5":0.9998070002,"6":1.0000001192,"7":1.0,"8":0.9998070598,"9":0.9988424778,"10":1.0,"11":1.0,"12":1.0,"13":1.0,"14":1.0}}