{"loss":{"0":0.3458705246,"1":0.013520102,"2":0.0199665539,"3":0.0022801056,"4":0.0020082756,"5":0.0002708953,"6":0.0011634203,"7":0.0000697523,"8":0.0000533122,"9":0.0000319667,"10":0.0000085641,"11":0.000006901,"12":0.0000300688,"13":0.0000351345,"14":0.000003245},"tp":{"0":867.0,"1":919.0,"2":918.0,"3":929.0,"4":919.0,"5":919.0,"6":923.0,"7":915.0,"8":923.0,"9":942.0,"10":911.0,"11":924.0,"12":918.0,"13":927.0,"14":900.0},"fp":{"0":56.0,"1":3.0,"2":4.0,"3":1.0,"4":1.0,"5":0.0,"6":0.0,"7":0.0,"8":0.0,"9":0.0,"10":0.0,"11":0.0,"12":0.0,"13":0.0,"14":0.0},"tn":{"0":873.0,"1":931.0,"2":929.0,"3":925.0,"4":935.0,"5":937.0,"6":932.0,"7":941.0,"8":933.0,"9":914.0,"10":945.0,"11":932.0,"12":938.0,"13":929.0,"14":956.0},"fn":{"0":60.0,"1":3.0,"2":5.0,"3":1.0,"4":1.0,"5":0.0,"6":1.0,"7":0.0,"8":0.0,"9":0.0,"10":0.0,"11":0.0,"12":0.0,"13":0.0,"14":0.0},"accuracy":{"0":0.9375,"1":0.9967672229,"2":0.9951508641,"3":0.9989224076,"4":0.9989224076,"5":1.0,"6":0.9994612336,"7":1.0,"8":1.0,"9":1.0,"10":1.0,"11":1.0,"12":1.0,"13":1.0,"14":1.0},"precision":{"0":0.9393282533,"1":0.9967461824,"2":0.9956616163,"3":0.9989247322,"4":0.9989130497,"5":1.0,"6":1.0,"7":1.0,"8":1.0,"9":1.0,"10":1.0,"11":1.0,"12":1.0,"13":1.0,"14":1.0},"recall":{"0":0.9352750778,"1":0.9967461824,"2":0.9945828915,"3":0.9989247322,"4":0.9989130497,"5":1.0,"6":0.9989177585,"7":1.0,"8":1.0,"9":1.0,"10":1.0,"11":1.0,"12":1.0,"13":1.0,"14":1.0},"auc":{"0":0.9756253958,"1":0.9994095564,"2":0.9987748265,"3":0.9999976754,"4":0.9999987483,"5":0.9999999404,"6":0.9999988675,"7":1.0,"8":1.0,"9":1.0,"10":1.0,"11":1.0,"12":1.0,"13":1.0,"14":1.0},"val_loss":{"0":0.7967868447,"1":4.5318012238,"2":0.1796130538,"3":0.3379547596,"4":0.3640858233,"5":0.3095933497,"6":0.2157924473,"7":0.1761573553,"8":0.2263033986,"9":0.2476251423,"10":0.2610883415,"11":0.2649593651,"12":0.2077638954,"13":0.2750777304,"14":0.2819232941},"val_tp":{"0":70.0,"1":71.0,"2":66.0,"3":69.0,"4":70.0,"5":69.0,"6":67.0,"7":68.0,"8":68.0,"9":66.0,"10":69.0,"11":65.0,"12":69.0,"13":71.0,"14":66.0},"val_fp":{"0":74.0,"1":73.0,"2":2.0,"3":8.0,"4":1.0,"5":1.0,"6":0.0,"7":0.0,"8":0.0,"9":0.0,"10":0.0,"11":0.0,"12":0.0,"13":0.0,"14":0.0},"val_tn":{"0":0.0,"1":0.0,"2":72.0,"3":63.0,"4":68.0,"5":70.0,"6":72.0,"7":72.0,"8":71.0,"9":73.0,"10":70.0,"11":74.0,"12":71.0,"13":68.0,"14":73.0},"val_fn":{"0":0.0,"1":0.0,"2":4.0,"3":4.0,"4":5.0,"5":4.0,"6":5.0,"7":4.0,"8":5.0,"9":5.0,"10":5.0,"11":5.0,"12":4.0,"13":5.0,"14":5.0},"val_accuracy":{"0":0.4861111045,"1":0.4930555522,"2":0.9583333135,"3":0.9166666865,"4":0.9583333135,"5":0.965277791,"6":0.965277791,"7":0.972222209,"8":0.965277791,"9":0.965277791,"10":0.965277791,"11":0.965277791,"12":0.972222209,"13":0.965277791,"14":0.965277791},"val_precision":{"0":0.4861111045,"1":0.4930555522,"2":0.9705882072,"3":0.8961039186,"4":0.985915482,"5":0.9857142568,"6":1.0,"7":1.0,"8":1.0,"9":1.0,"10":1.0,"11":1.0,"12":1.0,"13":1.0,"14":1.0},"val_recall":{"0":1.0,"1":1.0,"2":0.9428571463,"3":0.9452054501,"4":0.9333333373,"5":0.9452054501,"6":0.930555582,"7":0.944444418,"8":0.9315068722,"9":0.9295774698,"10":0.9324324131,"11":0.928571403,"12":0.9452054501,"13":0.9342105389,"14":0.9295774698},"val_auc":{"0":0.9068533182,"1":0.492957741,"2":0.9749034643,"3":0.9628593326,"4":0.9584541321,"5":0.9651745558,"6":0.9643132687,"7":0.9718364477,"8":0.9652710557,"9":0.9643063545,"10":0.9657335281,"11":0.9638031125,"12":0.972602725,"13":0.9671052694,"14":0.9647887349}}